============================= test session starts ==============================
platform linux -- Python 3.13.12, pytest-9.1.1, pluggy-1.6.0
rootdir: /tests
plugins: json-ctrf-0.5.2
collected 55 items

../../tests/test_outputs.py .FFFFFFFFFFFFFFFFFFFFFFFFFFFFFFFFFFFFFFFFFFF [ 80%]
FFFFFFFFFFF                                                              [100%]

=================================== FAILURES ===================================
_____________________________ test_band_boundaries _____________________________

    def test_band_boundaries():
>       check("band_boundaries")

/tests/test_outputs.py:159: 
_ _ _ _ _ _ _ _ _ _ _ _ _ _ _ _ _ _ _ _ _ _ _ _ _ _ _ _ _ _ _ _ _ _ _ _ _ _ _ _ 
/tests/test_outputs.py:114: in check
    compare(_run_port(name), _expected(name))
            ^^^^^^^^^^^^^^^
/tests/test_outputs.py:96: in _run_port
    return _run_port_paths(
_ _ _ _ _ _ _ _ _ _ _ _ _ _ _ _ _ _ _ _ _ _ _ _ _ _ _ _ _ _ _ _ _ _ _ _ _ _ _ _ 

readings_source = '/tests/cases/band_boundaries.dat'
payments_source = '/tests/cases/band_boundaries.pay', tag = 'band_boundaries'

    def _run_port_paths(readings_source, payments_source, tag="run"):
        """Run the port on one extract pair as an unprivileged user; return its output bytes.
    
        The three files sit in different directories under names taken from the case,
        and the port runs from a fourth, empty directory, so only the paths it is given
        lead to them."""
        port_stat = os.lstat(PORT)
        assert stat.S_ISREG(port_stat.st_mode), "the submitted port must be one regular Python file"
        scratch = tempfile.mkdtemp(prefix="wbill-")
        os.chmod(scratch, 0o755)
        dirs = {}
        for role in ("extract", "export", "print", "cwd"):
            dirs[role] = os.path.join(scratch, f"{role}-{tag}")
            os.mkdir(dirs[role])
            os.chmod(dirs[role], 0o777 if role in ("print", "cwd") else 0o755)
        readings = os.path.join(dirs["extract"], f"{tag}.readings")
        payments = os.path.join(dirs["export"], f"{tag}-postings.txt")
        output = os.path.join(dirs["print"], f"STMT.{tag}")
        shutil.copyfile(readings_source, readings)
        shutil.copyfile(payments_source, payments)
        for path in (readings, payments):
            os.chmod(path, 0o444)
        env = {"PATH": "/usr/local/bin:/usr/bin:/bin", "HOME": dirs["cwd"], "LANG": "C.UTF-8"}
        command = [PYTHON, PORT, readings, payments, output]
        demote = os.geteuid() == 0
        proc = subprocess.Popen(
            ["setpriv", "--reuid=65534", "--regid=65534", "--clear-groups", "--no-new-privs"] + command
            if demote else command,
            cwd=dirs["cwd"], env=env, stdout=subprocess.PIPE, stderr=subprocess.PIPE, start_new_session=True)
        try:
            _, err = proc.communicate(timeout=max(1.0, DEADLINE - time.monotonic()))
        except subprocess.TimeoutExpired:
            err = b"ran past the verifier's time budget"
        finally:
            try:
                os.killpg(proc.pid, signal.SIGKILL)
            except ProcessLookupError:
                pass
            proc.wait()
        try:
>           assert proc.returncode == 0, "the port failed:\n" + err.decode("utf-8", "replace")[-2000:]
E           AssertionError: the port failed:
E             Traceback (most recent call last):
E               File "/app/port/wbill.py", line 358, in <module>
E                 main([sys.argv[0], "custin.dat", "payin.dat", "stmtout.txt"])
E                 ~~~~^^^^^^^^^^^^^^^^^^^^^^^^^^^^^^^^^^^^^^^^^^^^^^^^^^^^^^^^^
E               File "/app/port/wbill.py", line 329, in main
E                 with open(argv[1], "r", encoding="latin-1", newline="\n") as fh:
E                      ~~~~^^^^^^^^^^^^^^^^^^^^^^^^^^^^^^^^^^^^^^^^^^^^^^^^
E             FileNotFoundError: [Errno 2] No such file or directory: 'custin.dat'
E             
E           assert 1 == 0
E            +  where 1 = <Popen: returncode: 1 args: ['setpriv', '--reuid=65534', '--regid=65534', '-...>.returncode

/tests/test_outputs.py:80: AssertionError
_____________________________ test_credit_balances _____________________________

    def test_credit_balances():
>       check("credit_balances")

/tests/test_outputs.py:163: 
_ _ _ _ _ _ _ _ _ _ _ _ _ _ _ _ _ _ _ _ _ _ _ _ _ _ _ _ _ _ _ _ _ _ _ _ _ _ _ _ 
/tests/test_outputs.py:114: in check
    compare(_run_port(name), _expected(name))
            ^^^^^^^^^^^^^^^
/tests/test_outputs.py:96: in _run_port
    return _run_port_paths(
_ _ _ _ _ _ _ _ _ _ _ _ _ _ _ _ _ _ _ _ _ _ _ _ _ _ _ _ _ _ _ _ _ _ _ _ _ _ _ _ 

readings_source = '/tests/cases/credit_balances.dat'
payments_source = '/tests/cases/credit_balances.pay', tag = 'credit_balances'

    def _run_port_paths(readings_source, payments_source, tag="run"):
        """Run the port on one extract pair as an unprivileged user; return its output bytes.
    
        The three files sit in different directories under names taken from the case,
        and the port runs from a fourth, empty directory, so only the paths it is given
        lead to them."""
        port_stat = os.lstat(PORT)
        assert stat.S_ISREG(port_stat.st_mode), "the submitted port must be one regular Python file"
        scratch = tempfile.mkdtemp(prefix="wbill-")
        os.chmod(scratch, 0o755)
        dirs = {}
        for role in ("extract", "export", "print", "cwd"):
            dirs[role] = os.path.join(scratch, f"{role}-{tag}")
            os.mkdir(dirs[role])
            os.chmod(dirs[role], 0o777 if role in ("print", "cwd") else 0o755)
        readings = os.path.join(dirs["extract"], f"{tag}.readings")
        payments = os.path.join(dirs["export"], f"{tag}-postings.txt")
        output = os.path.join(dirs["print"], f"STMT.{tag}")
        shutil.copyfile(readings_source, readings)
        shutil.copyfile(payments_source, payments)
        for path in (readings, payments):
            os.chmod(path, 0o444)
        env = {"PATH": "/usr/local/bin:/usr/bin:/bin", "HOME": dirs["cwd"], "LANG": "C.UTF-8"}
        command = [PYTHON, PORT, readings, payments, output]
        demote = os.geteuid() == 0
        proc = subprocess.Popen(
            ["setpriv", "--reuid=65534", "--regid=65534", "--clear-groups", "--no-new-privs"] + command
            if demote else command,
            cwd=dirs["cwd"], env=env, stdout=subprocess.PIPE, stderr=subprocess.PIPE, start_new_session=True)
        try:
            _, err = proc.communicate(timeout=max(1.0, DEADLINE - time.monotonic()))
        except subprocess.TimeoutExpired:
            err = b"ran past the verifier's time budget"
        finally:
            try:
                os.killpg(proc.pid, signal.SIGKILL)
            except ProcessLookupError:
                pass
            proc.wait()
        try:
>           assert proc.returncode == 0, "the port failed:\n" + err.decode("utf-8", "replace")[-2000:]
E           AssertionError: the port failed:
E             Traceback (most recent call last):
E               File "/app/port/wbill.py", line 358, in <module>
E                 main([sys.argv[0], "custin.dat", "payin.dat", "stmtout.txt"])
E                 ~~~~^^^^^^^^^^^^^^^^^^^^^^^^^^^^^^^^^^^^^^^^^^^^^^^^^^^^^^^^^
E               File "/app/port/wbill.py", line 329, in main
E                 with open(argv[1], "r", encoding="latin-1", newline="\n") as fh:
E                      ~~~~^^^^^^^^^^^^^^^^^^^^^^^^^^^^^^^^^^^^^^^^^^^^^^^^
E             FileNotFoundError: [Errno 2] No such file or directory: 'custin.dat'
E             
E           assert 1 == 0
E            +  where 1 = <Popen: returncode: 1 args: ['setpriv', '--reuid=65534', '--regid=65534', '-...>.returncode

/tests/test_outputs.py:80: AssertionError
_____________________________ test_date_and_region _____________________________

    def test_date_and_region():
>       check("date_and_region")

/tests/test_outputs.py:167: 
_ _ _ _ _ _ _ _ _ _ _ _ _ _ _ _ _ _ _ _ _ _ _ _ _ _ _ _ _ _ _ _ _ _ _ _ _ _ _ _ 
/tests/test_outputs.py:114: in check
    compare(_run_port(name), _expected(name))
            ^^^^^^^^^^^^^^^
/tests/test_outputs.py:96: in _run_port
    return _run_port_paths(
_ _ _ _ _ _ _ _ _ _ _ _ _ _ _ _ _ _ _ _ _ _ _ _ _ _ _ _ _ _ _ _ _ _ _ _ _ _ _ _ 

readings_source = '/tests/cases/date_and_region.dat'
payments_source = '/tests/cases/date_and_region.pay', tag = 'date_and_region'

    def _run_port_paths(readings_source, payments_source, tag="run"):
        """Run the port on one extract pair as an unprivileged user; return its output bytes.
    
        The three files sit in different directories under names taken from the case,
        and the port runs from a fourth, empty directory, so only the paths it is given
        lead to them."""
        port_stat = os.lstat(PORT)
        assert stat.S_ISREG(port_stat.st_mode), "the submitted port must be one regular Python file"
        scratch = tempfile.mkdtemp(prefix="wbill-")
        os.chmod(scratch, 0o755)
        dirs = {}
        for role in ("extract", "export", "print", "cwd"):
            dirs[role] = os.path.join(scratch, f"{role}-{tag}")
            os.mkdir(dirs[role])
            os.chmod(dirs[role], 0o777 if role in ("print", "cwd") else 0o755)
        readings = os.path.join(dirs["extract"], f"{tag}.readings")
        payments = os.path.join(dirs["export"], f"{tag}-postings.txt")
        output = os.path.join(dirs["print"], f"STMT.{tag}")
        shutil.copyfile(readings_source, readings)
        shutil.copyfile(payments_source, payments)
        for path in (readings, payments):
            os.chmod(path, 0o444)
        env = {"PATH": "/usr/local/bin:/usr/bin:/bin", "HOME": dirs["cwd"], "LANG": "C.UTF-8"}
        command = [PYTHON, PORT, readings, payments, output]
        demote = os.geteuid() == 0
        proc = subprocess.Popen(
            ["setpriv", "--reuid=65534", "--regid=65534", "--clear-groups", "--no-new-privs"] + command
            if demote else command,
            cwd=dirs["cwd"], env=env, stdout=subprocess.PIPE, stderr=subprocess.PIPE, start_new_session=True)
        try:
            _, err = proc.communicate(timeout=max(1.0, DEADLINE - time.monotonic()))
        except subprocess.TimeoutExpired:
            err = b"ran past the verifier's time budget"
        finally:
            try:
                os.killpg(proc.pid, signal.SIGKILL)
            except ProcessLookupError:
                pass
            proc.wait()
        try:
>           assert proc.returncode == 0, "the port failed:\n" + err.decode("utf-8", "replace")[-2000:]
E           AssertionError: the port failed:
E             Traceback (most recent call last):
E               File "/app/port/wbill.py", line 358, in <module>
E                 main([sys.argv[0], "custin.dat", "payin.dat", "stmtout.txt"])
E                 ~~~~^^^^^^^^^^^^^^^^^^^^^^^^^^^^^^^^^^^^^^^^^^^^^^^^^^^^^^^^^
E               File "/app/port/wbill.py", line 329, in main
E                 with open(argv[1], "r", encoding="latin-1", newline="\n") as fh:
E                      ~~~~^^^^^^^^^^^^^^^^^^^^^^^^^^^^^^^^^^^^^^^^^^^^^^^^
E             FileNotFoundError: [Errno 2] No such file or directory: 'custin.dat'
E             
E           assert 1 == 0
E            +  where 1 = <Popen: returncode: 1 args: ['setpriv', '--reuid=65534', '--regid=65534', '-...>.returncode

/tests/test_outputs.py:80: AssertionError
______________________________ test_district_run _______________________________

    def test_district_run():
>       check("district_run")

/tests/test_outputs.py:171: 
_ _ _ _ _ _ _ _ _ _ _ _ _ _ _ _ _ _ _ _ _ _ _ _ _ _ _ _ _ _ _ _ _ _ _ _ _ _ _ _ 
/tests/test_outputs.py:114: in check
    compare(_run_port(name), _expected(name))
            ^^^^^^^^^^^^^^^
/tests/test_outputs.py:96: in _run_port
    return _run_port_paths(
_ _ _ _ _ _ _ _ _ _ _ _ _ _ _ _ _ _ _ _ _ _ _ _ _ _ _ _ _ _ _ _ _ _ _ _ _ _ _ _ 

readings_source = '/tests/cases/district_run.dat'
payments_source = '/tests/cases/district_run.pay', tag = 'district_run'

    def _run_port_paths(readings_source, payments_source, tag="run"):
        """Run the port on one extract pair as an unprivileged user; return its output bytes.
    
        The three files sit in different directories under names taken from the case,
        and the port runs from a fourth, empty directory, so only the paths it is given
        lead to them."""
        port_stat = os.lstat(PORT)
        assert stat.S_ISREG(port_stat.st_mode), "the submitted port must be one regular Python file"
        scratch = tempfile.mkdtemp(prefix="wbill-")
        os.chmod(scratch, 0o755)
        dirs = {}
        for role in ("extract", "export", "print", "cwd"):
            dirs[role] = os.path.join(scratch, f"{role}-{tag}")
            os.mkdir(dirs[role])
            os.chmod(dirs[role], 0o777 if role in ("print", "cwd") else 0o755)
        readings = os.path.join(dirs["extract"], f"{tag}.readings")
        payments = os.path.join(dirs["export"], f"{tag}-postings.txt")
        output = os.path.join(dirs["print"], f"STMT.{tag}")
        shutil.copyfile(readings_source, readings)
        shutil.copyfile(payments_source, payments)
        for path in (readings, payments):
            os.chmod(path, 0o444)
        env = {"PATH": "/usr/local/bin:/usr/bin:/bin", "HOME": dirs["cwd"], "LANG": "C.UTF-8"}
        command = [PYTHON, PORT, readings, payments, output]
        demote = os.geteuid() == 0
        proc = subprocess.Popen(
            ["setpriv", "--reuid=65534", "--regid=65534", "--clear-groups", "--no-new-privs"] + command
            if demote else command,
            cwd=dirs["cwd"], env=env, stdout=subprocess.PIPE, stderr=subprocess.PIPE, start_new_session=True)
        try:
            _, err = proc.communicate(timeout=max(1.0, DEADLINE - time.monotonic()))
        except subprocess.TimeoutExpired:
            err = b"ran past the verifier's time budget"
        finally:
            try:
                os.killpg(proc.pid, signal.SIGKILL)
            except ProcessLookupError:
                pass
            proc.wait()
        try:
>           assert proc.returncode == 0, "the port failed:\n" + err.decode("utf-8", "replace")[-2000:]
E           AssertionError: the port failed:
E             Traceback (most recent call last):
E               File "/app/port/wbill.py", line 358, in <module>
E                 main([sys.argv[0], "custin.dat", "payin.dat", "stmtout.txt"])
E                 ~~~~^^^^^^^^^^^^^^^^^^^^^^^^^^^^^^^^^^^^^^^^^^^^^^^^^^^^^^^^^
E               File "/app/port/wbill.py", line 329, in main
E                 with open(argv[1], "r", encoding="latin-1", newline="\n") as fh:
E                      ~~~~^^^^^^^^^^^^^^^^^^^^^^^^^^^^^^^^^^^^^^^^^^^^^^^^
E             FileNotFoundError: [Errno 2] No such file or directory: 'custin.dat'
E             
E           assert 1 == 0
E            +  where 1 = <Popen: returncode: 1 args: ['setpriv', '--reuid=65534', '--regid=65534', '-...>.returncode

/tests/test_outputs.py:80: AssertionError
_______________________________ test_empty_file ________________________________

    def test_empty_file():
>       check("empty_file")

/tests/test_outputs.py:175: 
_ _ _ _ _ _ _ _ _ _ _ _ _ _ _ _ _ _ _ _ _ _ _ _ _ _ _ _ _ _ _ _ _ _ _ _ _ _ _ _ 
/tests/test_outputs.py:114: in check
    compare(_run_port(name), _expected(name))
            ^^^^^^^^^^^^^^^
/tests/test_outputs.py:96: in _run_port
    return _run_port_paths(
_ _ _ _ _ _ _ _ _ _ _ _ _ _ _ _ _ _ _ _ _ _ _ _ _ _ _ _ _ _ _ _ _ _ _ _ _ _ _ _ 

readings_source = '/tests/cases/empty_file.dat'
payments_source = '/tests/cases/empty_file.pay', tag = 'empty_file'

    def _run_port_paths(readings_source, payments_source, tag="run"):
        """Run the port on one extract pair as an unprivileged user; return its output bytes.
    
        The three files sit in different directories under names taken from the case,
        and the port runs from a fourth, empty directory, so only the paths it is given
        lead to them."""
        port_stat = os.lstat(PORT)
        assert stat.S_ISREG(port_stat.st_mode), "the submitted port must be one regular Python file"
        scratch = tempfile.mkdtemp(prefix="wbill-")
        os.chmod(scratch, 0o755)
        dirs = {}
        for role in ("extract", "export", "print", "cwd"):
            dirs[role] = os.path.join(scratch, f"{role}-{tag}")
            os.mkdir(dirs[role])
            os.chmod(dirs[role], 0o777 if role in ("print", "cwd") else 0o755)
        readings = os.path.join(dirs["extract"], f"{tag}.readings")
        payments = os.path.join(dirs["export"], f"{tag}-postings.txt")
        output = os.path.join(dirs["print"], f"STMT.{tag}")
        shutil.copyfile(readings_source, readings)
        shutil.copyfile(payments_source, payments)
        for path in (readings, payments):
            os.chmod(path, 0o444)
        env = {"PATH": "/usr/local/bin:/usr/bin:/bin", "HOME": dirs["cwd"], "LANG": "C.UTF-8"}
        command = [PYTHON, PORT, readings, payments, output]
        demote = os.geteuid() == 0
        proc = subprocess.Popen(
            ["setpriv", "--reuid=65534", "--regid=65534", "--clear-groups", "--no-new-privs"] + command
            if demote else command,
            cwd=dirs["cwd"], env=env, stdout=subprocess.PIPE, stderr=subprocess.PIPE, start_new_session=True)
        try:
            _, err = proc.communicate(timeout=max(1.0, DEADLINE - time.monotonic()))
        except subprocess.TimeoutExpired:
            err = b"ran past the verifier's time budget"
        finally:
            try:
                os.killpg(proc.pid, signal.SIGKILL)
            except ProcessLookupError:
                pass
            proc.wait()
        try:
>           assert proc.returncode == 0, "the port failed:\n" + err.decode("utf-8", "replace")[-2000:]
E           AssertionError: the port failed:
E             Traceback (most recent call last):
E               File "/app/port/wbill.py", line 358, in <module>
E                 main([sys.argv[0], "custin.dat", "payin.dat", "stmtout.txt"])
E                 ~~~~^^^^^^^^^^^^^^^^^^^^^^^^^^^^^^^^^^^^^^^^^^^^^^^^^^^^^^^^^
E               File "/app/port/wbill.py", line 329, in main
E                 with open(argv[1], "r", encoding="latin-1", newline="\n") as fh:
E                      ~~~~^^^^^^^^^^^^^^^^^^^^^^^^^^^^^^^^^^^^^^^^^^^^^^^^
E             FileNotFoundError: [Errno 2] No such file or directory: 'custin.dat'
E             
E           assert 1 == 0
E            +  where 1 = <Popen: returncode: 1 args: ['setpriv', '--reuid=65534', '--regid=65534', '-...>.returncode

/tests/test_outputs.py:80: AssertionError
_____________________________ test_header_missing ______________________________

    def test_header_missing():
>       check("header_missing")

/tests/test_outputs.py:179: 
_ _ _ _ _ _ _ _ _ _ _ _ _ _ _ _ _ _ _ _ _ _ _ _ _ _ _ _ _ _ _ _ _ _ _ _ _ _ _ _ 
/tests/test_outputs.py:114: in check
    compare(_run_port(name), _expected(name))
            ^^^^^^^^^^^^^^^
/tests/test_outputs.py:96: in _run_port
    return _run_port_paths(
_ _ _ _ _ _ _ _ _ _ _ _ _ _ _ _ _ _ _ _ _ _ _ _ _ _ _ _ _ _ _ _ _ _ _ _ _ _ _ _ 

readings_source = '/tests/cases/header_missing.dat'
payments_source = '/tests/cases/header_missing.pay', tag = 'header_missing'

    def _run_port_paths(readings_source, payments_source, tag="run"):
        """Run the port on one extract pair as an unprivileged user; return its output bytes.
    
        The three files sit in different directories under names taken from the case,
        and the port runs from a fourth, empty directory, so only the paths it is given
        lead to them."""
        port_stat = os.lstat(PORT)
        assert stat.S_ISREG(port_stat.st_mode), "the submitted port must be one regular Python file"
        scratch = tempfile.mkdtemp(prefix="wbill-")
        os.chmod(scratch, 0o755)
        dirs = {}
        for role in ("extract", "export", "print", "cwd"):
            dirs[role] = os.path.join(scratch, f"{role}-{tag}")
            os.mkdir(dirs[role])
            os.chmod(dirs[role], 0o777 if role in ("print", "cwd") else 0o755)
        readings = os.path.join(dirs["extract"], f"{tag}.readings")
        payments = os.path.join(dirs["export"], f"{tag}-postings.txt")
        output = os.path.join(dirs["print"], f"STMT.{tag}")
        shutil.copyfile(readings_source, readings)
        shutil.copyfile(payments_source, payments)
        for path in (readings, payments):
            os.chmod(path, 0o444)
        env = {"PATH": "/usr/local/bin:/usr/bin:/bin", "HOME": dirs["cwd"], "LANG": "C.UTF-8"}
        command = [PYTHON, PORT, readings, payments, output]
        demote = os.geteuid() == 0
        proc = subprocess.Popen(
            ["setpriv", "--reuid=65534", "--regid=65534", "--clear-groups", "--no-new-privs"] + command
            if demote else command,
            cwd=dirs["cwd"], env=env, stdout=subprocess.PIPE, stderr=subprocess.PIPE, start_new_session=True)
        try:
            _, err = proc.communicate(timeout=max(1.0, DEADLINE - time.monotonic()))
        except subprocess.TimeoutExpired:
            err = b"ran past the verifier's time budget"
        finally:
            try:
                os.killpg(proc.pid, signal.SIGKILL)
            except ProcessLookupError:
                pass
            proc.wait()
        try:
>           assert proc.returncode == 0, "the port failed:\n" + err.decode("utf-8", "replace")[-2000:]
E           AssertionError: the port failed:
E             Traceback (most recent call last):
E               File "/app/port/wbill.py", line 358, in <module>
E                 main([sys.argv[0], "custin.dat", "payin.dat", "stmtout.txt"])
E                 ~~~~^^^^^^^^^^^^^^^^^^^^^^^^^^^^^^^^^^^^^^^^^^^^^^^^^^^^^^^^^
E               File "/app/port/wbill.py", line 329, in main
E                 with open(argv[1], "r", encoding="latin-1", newline="\n") as fh:
E                      ~~~~^^^^^^^^^^^^^^^^^^^^^^^^^^^^^^^^^^^^^^^^^^^^^^^^
E             FileNotFoundError: [Errno 2] No such file or directory: 'custin.dat'
E             
E           assert 1 == 0
E            +  where 1 = <Popen: returncode: 1 args: ['setpriv', '--reuid=65534', '--regid=65534', '-...>.returncode

/tests/test_outputs.py:80: AssertionError
_______________________________ test_header_only _______________________________

    def test_header_only():
>       check("header_only")

/tests/test_outputs.py:183: 
_ _ _ _ _ _ _ _ _ _ _ _ _ _ _ _ _ _ _ _ _ _ _ _ _ _ _ _ _ _ _ _ _ _ _ _ _ _ _ _ 
/tests/test_outputs.py:114: in check
    compare(_run_port(name), _expected(name))
            ^^^^^^^^^^^^^^^
/tests/test_outputs.py:96: in _run_port
    return _run_port_paths(
_ _ _ _ _ _ _ _ _ _ _ _ _ _ _ _ _ _ _ _ _ _ _ _ _ _ _ _ _ _ _ _ _ _ _ _ _ _ _ _ 

readings_source = '/tests/cases/header_only.dat'
payments_source = '/tests/cases/header_only.pay', tag = 'header_only'

    def _run_port_paths(readings_source, payments_source, tag="run"):
        """Run the port on one extract pair as an unprivileged user; return its output bytes.
    
        The three files sit in different directories under names taken from the case,
        and the port runs from a fourth, empty directory, so only the paths it is given
        lead to them."""
        port_stat = os.lstat(PORT)
        assert stat.S_ISREG(port_stat.st_mode), "the submitted port must be one regular Python file"
        scratch = tempfile.mkdtemp(prefix="wbill-")
        os.chmod(scratch, 0o755)
        dirs = {}
        for role in ("extract", "export", "print", "cwd"):
            dirs[role] = os.path.join(scratch, f"{role}-{tag}")
            os.mkdir(dirs[role])
            os.chmod(dirs[role], 0o777 if role in ("print", "cwd") else 0o755)
        readings = os.path.join(dirs["extract"], f"{tag}.readings")
        payments = os.path.join(dirs["export"], f"{tag}-postings.txt")
        output = os.path.join(dirs["print"], f"STMT.{tag}")
        shutil.copyfile(readings_source, readings)
        shutil.copyfile(payments_source, payments)
        for path in (readings, payments):
            os.chmod(path, 0o444)
        env = {"PATH": "/usr/local/bin:/usr/bin:/bin", "HOME": dirs["cwd"], "LANG": "C.UTF-8"}
        command = [PYTHON, PORT, readings, payments, output]
        demote = os.geteuid() == 0
        proc = subprocess.Popen(
            ["setpriv", "--reuid=65534", "--regid=65534", "--clear-groups", "--no-new-privs"] + command
            if demote else command,
            cwd=dirs["cwd"], env=env, stdout=subprocess.PIPE, stderr=subprocess.PIPE, start_new_session=True)
        try:
            _, err = proc.communicate(timeout=max(1.0, DEADLINE - time.monotonic()))
        except subprocess.TimeoutExpired:
            err = b"ran past the verifier's time budget"
        finally:
            try:
                os.killpg(proc.pid, signal.SIGKILL)
            except ProcessLookupError:
                pass
            proc.wait()
        try:
>           assert proc.returncode == 0, "the port failed:\n" + err.decode("utf-8", "replace")[-2000:]
E           AssertionError: the port failed:
E             Traceback (most recent call last):
E               File "/app/port/wbill.py", line 358, in <module>
E                 main([sys.argv[0], "custin.dat", "payin.dat", "stmtout.txt"])
E                 ~~~~^^^^^^^^^^^^^^^^^^^^^^^^^^^^^^^^^^^^^^^^^^^^^^^^^^^^^^^^^
E               File "/app/port/wbill.py", line 329, in main
E                 with open(argv[1], "r", encoding="latin-1", newline="\n") as fh:
E                      ~~~~^^^^^^^^^^^^^^^^^^^^^^^^^^^^^^^^^^^^^^^^^^^^^^^^
E             FileNotFoundError: [Errno 2] No such file or directory: 'custin.dat'
E             
E           assert 1 == 0
E            +  where 1 = <Popen: returncode: 1 args: ['setpriv', '--reuid=65534', '--regid=65534', '-...>.returncode

/tests/test_outputs.py:80: AssertionError
___________________________ test_header_out_of_place ___________________________

    def test_header_out_of_place():
>       check("header_out_of_place")

/tests/test_outputs.py:187: 
_ _ _ _ _ _ _ _ _ _ _ _ _ _ _ _ _ _ _ _ _ _ _ _ _ _ _ _ _ _ _ _ _ _ _ _ _ _ _ _ 
/tests/test_outputs.py:114: in check
    compare(_run_port(name), _expected(name))
            ^^^^^^^^^^^^^^^
/tests/test_outputs.py:96: in _run_port
    return _run_port_paths(
_ _ _ _ _ _ _ _ _ _ _ _ _ _ _ _ _ _ _ _ _ _ _ _ _ _ _ _ _ _ _ _ _ _ _ _ _ _ _ _ 

readings_source = '/tests/cases/header_out_of_place.dat'
payments_source = '/tests/cases/header_out_of_place.pay'
tag = 'header_out_of_place'

    def _run_port_paths(readings_source, payments_source, tag="run"):
        """Run the port on one extract pair as an unprivileged user; return its output bytes.
    
        The three files sit in different directories under names taken from the case,
        and the port runs from a fourth, empty directory, so only the paths it is given
        lead to them."""
        port_stat = os.lstat(PORT)
        assert stat.S_ISREG(port_stat.st_mode), "the submitted port must be one regular Python file"
        scratch = tempfile.mkdtemp(prefix="wbill-")
        os.chmod(scratch, 0o755)
        dirs = {}
        for role in ("extract", "export", "print", "cwd"):
            dirs[role] = os.path.join(scratch, f"{role}-{tag}")
            os.mkdir(dirs[role])
            os.chmod(dirs[role], 0o777 if role in ("print", "cwd") else 0o755)
        readings = os.path.join(dirs["extract"], f"{tag}.readings")
        payments = os.path.join(dirs["export"], f"{tag}-postings.txt")
        output = os.path.join(dirs["print"], f"STMT.{tag}")
        shutil.copyfile(readings_source, readings)
        shutil.copyfile(payments_source, payments)
        for path in (readings, payments):
            os.chmod(path, 0o444)
        env = {"PATH": "/usr/local/bin:/usr/bin:/bin", "HOME": dirs["cwd"], "LANG": "C.UTF-8"}
        command = [PYTHON, PORT, readings, payments, output]
        demote = os.geteuid() == 0
        proc = subprocess.Popen(
            ["setpriv", "--reuid=65534", "--regid=65534", "--clear-groups", "--no-new-privs"] + command
            if demote else command,
            cwd=dirs["cwd"], env=env, stdout=subprocess.PIPE, stderr=subprocess.PIPE, start_new_session=True)
        try:
            _, err = proc.communicate(timeout=max(1.0, DEADLINE - time.monotonic()))
        except subprocess.TimeoutExpired:
            err = b"ran past the verifier's time budget"
        finally:
            try:
                os.killpg(proc.pid, signal.SIGKILL)
            except ProcessLookupError:
                pass
            proc.wait()
        try:
>           assert proc.returncode == 0, "the port failed:\n" + err.decode("utf-8", "replace")[-2000:]
E           AssertionError: the port failed:
E             Traceback (most recent call last):
E               File "/app/port/wbill.py", line 358, in <module>
E                 main([sys.argv[0], "custin.dat", "payin.dat", "stmtout.txt"])
E                 ~~~~^^^^^^^^^^^^^^^^^^^^^^^^^^^^^^^^^^^^^^^^^^^^^^^^^^^^^^^^^
E               File "/app/port/wbill.py", line 329, in main
E                 with open(argv[1], "r", encoding="latin-1", newline="\n") as fh:
E                      ~~~~^^^^^^^^^^^^^^^^^^^^^^^^^^^^^^^^^^^^^^^^^^^^^^^^
E             FileNotFoundError: [Errno 2] No such file or directory: 'custin.dat'
E             
E           assert 1 == 0
E            +  where 1 = <Popen: returncode: 1 args: ['setpriv', '--reuid=65534', '--regid=65534', '-...>.returncode

/tests/test_outputs.py:80: AssertionError
________________________ test_large_commercial_accounts ________________________

    def test_large_commercial_accounts():
>       check("large_commercial_accounts")

/tests/test_outputs.py:191: 
_ _ _ _ _ _ _ _ _ _ _ _ _ _ _ _ _ _ _ _ _ _ _ _ _ _ _ _ _ _ _ _ _ _ _ _ _ _ _ _ 
/tests/test_outputs.py:114: in check
    compare(_run_port(name), _expected(name))
            ^^^^^^^^^^^^^^^
/tests/test_outputs.py:96: in _run_port
    return _run_port_paths(
_ _ _ _ _ _ _ _ _ _ _ _ _ _ _ _ _ _ _ _ _ _ _ _ _ _ _ _ _ _ _ _ _ _ _ _ _ _ _ _ 

readings_source = '/tests/cases/large_commercial_accounts.dat'
payments_source = '/tests/cases/large_commercial_accounts.pay'
tag = 'large_commercial_accounts'

    def _run_port_paths(readings_source, payments_source, tag="run"):
        """Run the port on one extract pair as an unprivileged user; return its output bytes.
    
        The three files sit in different directories under names taken from the case,
        and the port runs from a fourth, empty directory, so only the paths it is given
        lead to them."""
        port_stat = os.lstat(PORT)
        assert stat.S_ISREG(port_stat.st_mode), "the submitted port must be one regular Python file"
        scratch = tempfile.mkdtemp(prefix="wbill-")
        os.chmod(scratch, 0o755)
        dirs = {}
        for role in ("extract", "export", "print", "cwd"):
            dirs[role] = os.path.join(scratch, f"{role}-{tag}")
            os.mkdir(dirs[role])
            os.chmod(dirs[role], 0o777 if role in ("print", "cwd") else 0o755)
        readings = os.path.join(dirs["extract"], f"{tag}.readings")
        payments = os.path.join(dirs["export"], f"{tag}-postings.txt")
        output = os.path.join(dirs["print"], f"STMT.{tag}")
        shutil.copyfile(readings_source, readings)
        shutil.copyfile(payments_source, payments)
        for path in (readings, payments):
            os.chmod(path, 0o444)
        env = {"PATH": "/usr/local/bin:/usr/bin:/bin", "HOME": dirs["cwd"], "LANG": "C.UTF-8"}
        command = [PYTHON, PORT, readings, payments, output]
        demote = os.geteuid() == 0
        proc = subprocess.Popen(
            ["setpriv", "--reuid=65534", "--regid=65534", "--clear-groups", "--no-new-privs"] + command
            if demote else command,
            cwd=dirs["cwd"], env=env, stdout=subprocess.PIPE, stderr=subprocess.PIPE, start_new_session=True)
        try:
            _, err = proc.communicate(timeout=max(1.0, DEADLINE - time.monotonic()))
        except subprocess.TimeoutExpired:
            err = b"ran past the verifier's time budget"
        finally:
            try:
                os.killpg(proc.pid, signal.SIGKILL)
            except ProcessLookupError:
                pass
            proc.wait()
        try:
>           assert proc.returncode == 0, "the port failed:\n" + err.decode("utf-8", "replace")[-2000:]
E           AssertionError: the port failed:
E             Traceback (most recent call last):
E               File "/app/port/wbill.py", line 358, in <module>
E                 main([sys.argv[0], "custin.dat", "payin.dat", "stmtout.txt"])
E                 ~~~~^^^^^^^^^^^^^^^^^^^^^^^^^^^^^^^^^^^^^^^^^^^^^^^^^^^^^^^^^
E               File "/app/port/wbill.py", line 329, in main
E                 with open(argv[1], "r", encoding="latin-1", newline="\n") as fh:
E                      ~~~~^^^^^^^^^^^^^^^^^^^^^^^^^^^^^^^^^^^^^^^^^^^^^^^^
E             FileNotFoundError: [Errno 2] No such file or directory: 'custin.dat'
E             
E           assert 1 == 0
E            +  where 1 = <Popen: returncode: 1 args: ['setpriv', '--reuid=65534', '--regid=65534', '-...>.returncode

/tests/test_outputs.py:80: AssertionError
________________________________ test_long_run _________________________________

    def test_long_run():
>       check("long_run")

/tests/test_outputs.py:195: 
_ _ _ _ _ _ _ _ _ _ _ _ _ _ _ _ _ _ _ _ _ _ _ _ _ _ _ _ _ _ _ _ _ _ _ _ _ _ _ _ 
/tests/test_outputs.py:114: in check
    compare(_run_port(name), _expected(name))
            ^^^^^^^^^^^^^^^
/tests/test_outputs.py:96: in _run_port
    return _run_port_paths(
_ _ _ _ _ _ _ _ _ _ _ _ _ _ _ _ _ _ _ _ _ _ _ _ _ _ _ _ _ _ _ _ _ _ _ _ _ _ _ _ 

readings_source = '/tests/cases/long_run.dat'
payments_source = '/tests/cases/long_run.pay', tag = 'long_run'

    def _run_port_paths(readings_source, payments_source, tag="run"):
        """Run the port on one extract pair as an unprivileged user; return its output bytes.
    
        The three files sit in different directories under names taken from the case,
        and the port runs from a fourth, empty directory, so only the paths it is given
        lead to them."""
        port_stat = os.lstat(PORT)
        assert stat.S_ISREG(port_stat.st_mode), "the submitted port must be one regular Python file"
        scratch = tempfile.mkdtemp(prefix="wbill-")
        os.chmod(scratch, 0o755)
        dirs = {}
        for role in ("extract", "export", "print", "cwd"):
            dirs[role] = os.path.join(scratch, f"{role}-{tag}")
            os.mkdir(dirs[role])
            os.chmod(dirs[role], 0o777 if role in ("print", "cwd") else 0o755)
        readings = os.path.join(dirs["extract"], f"{tag}.readings")
        payments = os.path.join(dirs["export"], f"{tag}-postings.txt")
        output = os.path.join(dirs["print"], f"STMT.{tag}")
        shutil.copyfile(readings_source, readings)
        shutil.copyfile(payments_source, payments)
        for path in (readings, payments):
            os.chmod(path, 0o444)
        env = {"PATH": "/usr/local/bin:/usr/bin:/bin", "HOME": dirs["cwd"], "LANG": "C.UTF-8"}
        command = [PYTHON, PORT, readings, payments, output]
        demote = os.geteuid() == 0
        proc = subprocess.Popen(
            ["setpriv", "--reuid=65534", "--regid=65534", "--clear-groups", "--no-new-privs"] + command
            if demote else command,
            cwd=dirs["cwd"], env=env, stdout=subprocess.PIPE, stderr=subprocess.PIPE, start_new_session=True)
        try:
            _, err = proc.communicate(timeout=max(1.0, DEADLINE - time.monotonic()))
        except subprocess.TimeoutExpired:
            err = b"ran past the verifier's time budget"
        finally:
            try:
                os.killpg(proc.pid, signal.SIGKILL)
            except ProcessLookupError:
                pass
            proc.wait()
        try:
>           assert proc.returncode == 0, "the port failed:\n" + err.decode("utf-8", "replace")[-2000:]
E           AssertionError: the port failed:
E             Traceback (most recent call last):
E               File "/app/port/wbill.py", line 358, in <module>
E                 main([sys.argv[0], "custin.dat", "payin.dat", "stmtout.txt"])
E                 ~~~~^^^^^^^^^^^^^^^^^^^^^^^^^^^^^^^^^^^^^^^^^^^^^^^^^^^^^^^^^
E               File "/app/port/wbill.py", line 329, in main
E                 with open(argv[1], "r", encoding="latin-1", newline="\n") as fh:
E                      ~~~~^^^^^^^^^^^^^^^^^^^^^^^^^^^^^^^^^^^^^^^^^^^^^^^^
E             FileNotFoundError: [Errno 2] No such file or directory: 'custin.dat'
E             
E           assert 1 == 0
E            +  where 1 = <Popen: returncode: 1 args: ['setpriv', '--reuid=65534', '--regid=65534', '-...>.returncode

/tests/test_outputs.py:80: AssertionError
_____________________________ test_meter_rollover ______________________________

    def test_meter_rollover():
>       check("meter_rollover")

/tests/test_outputs.py:199: 
_ _ _ _ _ _ _ _ _ _ _ _ _ _ _ _ _ _ _ _ _ _ _ _ _ _ _ _ _ _ _ _ _ _ _ _ _ _ _ _ 
/tests/test_outputs.py:114: in check
    compare(_run_port(name), _expected(name))
            ^^^^^^^^^^^^^^^
/tests/test_outputs.py:96: in _run_port
    return _run_port_paths(
_ _ _ _ _ _ _ _ _ _ _ _ _ _ _ _ _ _ _ _ _ _ _ _ _ _ _ _ _ _ _ _ _ _ _ _ _ _ _ _ 

readings_source = '/tests/cases/meter_rollover.dat'
payments_source = '/tests/cases/meter_rollover.pay', tag = 'meter_rollover'

    def _run_port_paths(readings_source, payments_source, tag="run"):
        """Run the port on one extract pair as an unprivileged user; return its output bytes.
    
        The three files sit in different directories under names taken from the case,
        and the port runs from a fourth, empty directory, so only the paths it is given
        lead to them."""
        port_stat = os.lstat(PORT)
        assert stat.S_ISREG(port_stat.st_mode), "the submitted port must be one regular Python file"
        scratch = tempfile.mkdtemp(prefix="wbill-")
        os.chmod(scratch, 0o755)
        dirs = {}
        for role in ("extract", "export", "print", "cwd"):
            dirs[role] = os.path.join(scratch, f"{role}-{tag}")
            os.mkdir(dirs[role])
            os.chmod(dirs[role], 0o777 if role in ("print", "cwd") else 0o755)
        readings = os.path.join(dirs["extract"], f"{tag}.readings")
        payments = os.path.join(dirs["export"], f"{tag}-postings.txt")
        output = os.path.join(dirs["print"], f"STMT.{tag}")
        shutil.copyfile(readings_source, readings)
        shutil.copyfile(payments_source, payments)
        for path in (readings, payments):
            os.chmod(path, 0o444)
        env = {"PATH": "/usr/local/bin:/usr/bin:/bin", "HOME": dirs["cwd"], "LANG": "C.UTF-8"}
        command = [PYTHON, PORT, readings, payments, output]
        demote = os.geteuid() == 0
        proc = subprocess.Popen(
            ["setpriv", "--reuid=65534", "--regid=65534", "--clear-groups", "--no-new-privs"] + command
            if demote else command,
            cwd=dirs["cwd"], env=env, stdout=subprocess.PIPE, stderr=subprocess.PIPE, start_new_session=True)
        try:
            _, err = proc.communicate(timeout=max(1.0, DEADLINE - time.monotonic()))
        except subprocess.TimeoutExpired:
            err = b"ran past the verifier's time budget"
        finally:
            try:
                os.killpg(proc.pid, signal.SIGKILL)
            except ProcessLookupError:
                pass
            proc.wait()
        try:
>           assert proc.returncode == 0, "the port failed:\n" + err.decode("utf-8", "replace")[-2000:]
E           AssertionError: the port failed:
E             Traceback (most recent call last):
E               File "/app/port/wbill.py", line 358, in <module>
E                 main([sys.argv[0], "custin.dat", "payin.dat", "stmtout.txt"])
E                 ~~~~^^^^^^^^^^^^^^^^^^^^^^^^^^^^^^^^^^^^^^^^^^^^^^^^^^^^^^^^^
E               File "/app/port/wbill.py", line 329, in main
E                 with open(argv[1], "r", encoding="latin-1", newline="\n") as fh:
E                      ~~~~^^^^^^^^^^^^^^^^^^^^^^^^^^^^^^^^^^^^^^^^^^^^^^^^
E             FileNotFoundError: [Errno 2] No such file or directory: 'custin.dat'
E             
E           assert 1 == 0
E            +  where 1 = <Popen: returncode: 1 args: ['setpriv', '--reuid=65534', '--regid=65534', '-...>.returncode

/tests/test_outputs.py:80: AssertionError
__________________________ test_names_of_every_shape ___________________________

    def test_names_of_every_shape():
>       check("names_of_every_shape")

/tests/test_outputs.py:203: 
_ _ _ _ _ _ _ _ _ _ _ _ _ _ _ _ _ _ _ _ _ _ _ _ _ _ _ _ _ _ _ _ _ _ _ _ _ _ _ _ 
/tests/test_outputs.py:114: in check
    compare(_run_port(name), _expected(name))
            ^^^^^^^^^^^^^^^
/tests/test_outputs.py:96: in _run_port
    return _run_port_paths(
_ _ _ _ _ _ _ _ _ _ _ _ _ _ _ _ _ _ _ _ _ _ _ _ _ _ _ _ _ _ _ _ _ _ _ _ _ _ _ _ 

readings_source = '/tests/cases/names_of_every_shape.dat'
payments_source = '/tests/cases/names_of_every_shape.pay'
tag = 'names_of_every_shape'

    def _run_port_paths(readings_source, payments_source, tag="run"):
        """Run the port on one extract pair as an unprivileged user; return its output bytes.
    
        The three files sit in different directories under names taken from the case,
        and the port runs from a fourth, empty directory, so only the paths it is given
        lead to them."""
        port_stat = os.lstat(PORT)
        assert stat.S_ISREG(port_stat.st_mode), "the submitted port must be one regular Python file"
        scratch = tempfile.mkdtemp(prefix="wbill-")
        os.chmod(scratch, 0o755)
        dirs = {}
        for role in ("extract", "export", "print", "cwd"):
            dirs[role] = os.path.join(scratch, f"{role}-{tag}")
            os.mkdir(dirs[role])
            os.chmod(dirs[role], 0o777 if role in ("print", "cwd") else 0o755)
        readings = os.path.join(dirs["extract"], f"{tag}.readings")
        payments = os.path.join(dirs["export"], f"{tag}-postings.txt")
        output = os.path.join(dirs["print"], f"STMT.{tag}")
        shutil.copyfile(readings_source, readings)
        shutil.copyfile(payments_source, payments)
        for path in (readings, payments):
            os.chmod(path, 0o444)
        env = {"PATH": "/usr/local/bin:/usr/bin:/bin", "HOME": dirs["cwd"], "LANG": "C.UTF-8"}
        command = [PYTHON, PORT, readings, payments, output]
        demote = os.geteuid() == 0
        proc = subprocess.Popen(
            ["setpriv", "--reuid=65534", "--regid=65534", "--clear-groups", "--no-new-privs"] + command
            if demote else command,
            cwd=dirs["cwd"], env=env, stdout=subprocess.PIPE, stderr=subprocess.PIPE, start_new_session=True)
        try:
            _, err = proc.communicate(timeout=max(1.0, DEADLINE - time.monotonic()))
        except subprocess.TimeoutExpired:
            err = b"ran past the verifier's time budget"
        finally:
            try:
                os.killpg(proc.pid, signal.SIGKILL)
            except ProcessLookupError:
                pass
            proc.wait()
        try:
>           assert proc.returncode == 0, "the port failed:\n" + err.decode("utf-8", "replace")[-2000:]
E           AssertionError: the port failed:
E             Traceback (most recent call last):
E               File "/app/port/wbill.py", line 358, in <module>
E                 main([sys.argv[0], "custin.dat", "payin.dat", "stmtout.txt"])
E                 ~~~~^^^^^^^^^^^^^^^^^^^^^^^^^^^^^^^^^^^^^^^^^^^^^^^^^^^^^^^^^
E               File "/app/port/wbill.py", line 329, in main
E                 with open(argv[1], "r", encoding="latin-1", newline="\n") as fh:
E                      ~~~~^^^^^^^^^^^^^^^^^^^^^^^^^^^^^^^^^^^^^^^^^^^^^^^^
E             FileNotFoundError: [Errno 2] No such file or directory: 'custin.dat'
E             
E           assert 1 == 0
E            +  where 1 = <Popen: returncode: 1 args: ['setpriv', '--reuid=65534', '--regid=65534', '-...>.returncode

/tests/test_outputs.py:80: AssertionError
______________________ test_postings_account_identifiers _______________________

    def test_postings_account_identifiers():
>       check("postings_account_identifiers")

/tests/test_outputs.py:207: 
_ _ _ _ _ _ _ _ _ _ _ _ _ _ _ _ _ _ _ _ _ _ _ _ _ _ _ _ _ _ _ _ _ _ _ _ _ _ _ _ 
/tests/test_outputs.py:114: in check
    compare(_run_port(name), _expected(name))
            ^^^^^^^^^^^^^^^
/tests/test_outputs.py:96: in _run_port
    return _run_port_paths(
_ _ _ _ _ _ _ _ _ _ _ _ _ _ _ _ _ _ _ _ _ _ _ _ _ _ _ _ _ _ _ _ _ _ _ _ _ _ _ _ 

readings_source = '/tests/cases/postings_account_identifiers.dat'
payments_source = '/tests/cases/postings_account_identifiers.pay'
tag = 'postings_account_identifiers'

    def _run_port_paths(readings_source, payments_source, tag="run"):
        """Run the port on one extract pair as an unprivileged user; return its output bytes.
    
        The three files sit in different directories under names taken from the case,
        and the port runs from a fourth, empty directory, so only the paths it is given
        lead to them."""
        port_stat = os.lstat(PORT)
        assert stat.S_ISREG(port_stat.st_mode), "the submitted port must be one regular Python file"
        scratch = tempfile.mkdtemp(prefix="wbill-")
        os.chmod(scratch, 0o755)
        dirs = {}
        for role in ("extract", "export", "print", "cwd"):
            dirs[role] = os.path.join(scratch, f"{role}-{tag}")
            os.mkdir(dirs[role])
            os.chmod(dirs[role], 0o777 if role in ("print", "cwd") else 0o755)
        readings = os.path.join(dirs["extract"], f"{tag}.readings")
        payments = os.path.join(dirs["export"], f"{tag}-postings.txt")
        output = os.path.join(dirs["print"], f"STMT.{tag}")
        shutil.copyfile(readings_source, readings)
        shutil.copyfile(payments_source, payments)
        for path in (readings, payments):
            os.chmod(path, 0o444)
        env = {"PATH": "/usr/local/bin:/usr/bin:/bin", "HOME": dirs["cwd"], "LANG": "C.UTF-8"}
        command = [PYTHON, PORT, readings, payments, output]
        demote = os.geteuid() == 0
        proc = subprocess.Popen(
            ["setpriv", "--reuid=65534", "--regid=65534", "--clear-groups", "--no-new-privs"] + command
            if demote else command,
            cwd=dirs["cwd"], env=env, stdout=subprocess.PIPE, stderr=subprocess.PIPE, start_new_session=True)
        try:
            _, err = proc.communicate(timeout=max(1.0, DEADLINE - time.monotonic()))
        except subprocess.TimeoutExpired:
            err = b"ran past the verifier's time budget"
        finally:
            try:
                os.killpg(proc.pid, signal.SIGKILL)
            except ProcessLookupError:
                pass
            proc.wait()
        try:
>           assert proc.returncode == 0, "the port failed:\n" + err.decode("utf-8", "replace")[-2000:]
E           AssertionError: the port failed:
E             Traceback (most recent call last):
E               File "/app/port/wbill.py", line 358, in <module>
E                 main([sys.argv[0], "custin.dat", "payin.dat", "stmtout.txt"])
E                 ~~~~^^^^^^^^^^^^^^^^^^^^^^^^^^^^^^^^^^^^^^^^^^^^^^^^^^^^^^^^^
E               File "/app/port/wbill.py", line 329, in main
E                 with open(argv[1], "r", encoding="latin-1", newline="\n") as fh:
E                      ~~~~^^^^^^^^^^^^^^^^^^^^^^^^^^^^^^^^^^^^^^^^^^^^^^^^
E             FileNotFoundError: [Errno 2] No such file or directory: 'custin.dat'
E             
E           assert 1 == 0
E            +  where 1 = <Popen: returncode: 1 args: ['setpriv', '--reuid=65534', '--regid=65534', '-...>.returncode

/tests/test_outputs.py:80: AssertionError
__________________________ test_postings_amount_forms __________________________

    def test_postings_amount_forms():
>       check("postings_amount_forms")

/tests/test_outputs.py:211: 
_ _ _ _ _ _ _ _ _ _ _ _ _ _ _ _ _ _ _ _ _ _ _ _ _ _ _ _ _ _ _ _ _ _ _ _ _ _ _ _ 
/tests/test_outputs.py:114: in check
    compare(_run_port(name), _expected(name))
            ^^^^^^^^^^^^^^^
/tests/test_outputs.py:96: in _run_port
    return _run_port_paths(
_ _ _ _ _ _ _ _ _ _ _ _ _ _ _ _ _ _ _ _ _ _ _ _ _ _ _ _ _ _ _ _ _ _ _ _ _ _ _ _ 

readings_source = '/tests/cases/postings_amount_forms.dat'
payments_source = '/tests/cases/postings_amount_forms.pay'
tag = 'postings_amount_forms'

    def _run_port_paths(readings_source, payments_source, tag="run"):
        """Run the port on one extract pair as an unprivileged user; return its output bytes.
    
        The three files sit in different directories under names taken from the case,
        and the port runs from a fourth, empty directory, so only the paths it is given
        lead to them."""
        port_stat = os.lstat(PORT)
        assert stat.S_ISREG(port_stat.st_mode), "the submitted port must be one regular Python file"
        scratch = tempfile.mkdtemp(prefix="wbill-")
        os.chmod(scratch, 0o755)
        dirs = {}
        for role in ("extract", "export", "print", "cwd"):
            dirs[role] = os.path.join(scratch, f"{role}-{tag}")
            os.mkdir(dirs[role])
            os.chmod(dirs[role], 0o777 if role in ("print", "cwd") else 0o755)
        readings = os.path.join(dirs["extract"], f"{tag}.readings")
        payments = os.path.join(dirs["export"], f"{tag}-postings.txt")
        output = os.path.join(dirs["print"], f"STMT.{tag}")
        shutil.copyfile(readings_source, readings)
        shutil.copyfile(payments_source, payments)
        for path in (readings, payments):
            os.chmod(path, 0o444)
        env = {"PATH": "/usr/local/bin:/usr/bin:/bin", "HOME": dirs["cwd"], "LANG": "C.UTF-8"}
        command = [PYTHON, PORT, readings, payments, output]
        demote = os.geteuid() == 0
        proc = subprocess.Popen(
            ["setpriv", "--reuid=65534", "--regid=65534", "--clear-groups", "--no-new-privs"] + command
            if demote else command,
            cwd=dirs["cwd"], env=env, stdout=subprocess.PIPE, stderr=subprocess.PIPE, start_new_session=True)
        try:
            _, err = proc.communicate(timeout=max(1.0, DEADLINE - time.monotonic()))
        except subprocess.TimeoutExpired:
            err = b"ran past the verifier's time budget"
        finally:
            try:
                os.killpg(proc.pid, signal.SIGKILL)
            except ProcessLookupError:
                pass
            proc.wait()
        try:
>           assert proc.returncode == 0, "the port failed:\n" + err.decode("utf-8", "replace")[-2000:]
E           AssertionError: the port failed:
E             Traceback (most recent call last):
E               File "/app/port/wbill.py", line 358, in <module>
E                 main([sys.argv[0], "custin.dat", "payin.dat", "stmtout.txt"])
E                 ~~~~^^^^^^^^^^^^^^^^^^^^^^^^^^^^^^^^^^^^^^^^^^^^^^^^^^^^^^^^^
E               File "/app/port/wbill.py", line 329, in main
E                 with open(argv[1], "r", encoding="latin-1", newline="\n") as fh:
E                      ~~~~^^^^^^^^^^^^^^^^^^^^^^^^^^^^^^^^^^^^^^^^^^^^^^^^
E             FileNotFoundError: [Errno 2] No such file or directory: 'custin.dat'
E             
E           assert 1 == 0
E            +  where 1 = <Popen: returncode: 1 args: ['setpriv', '--reuid=65534', '--regid=65534', '-...>.returncode

/tests/test_outputs.py:80: AssertionError
_____________________________ test_postings_empty ______________________________

    def test_postings_empty():
>       check("postings_empty")

/tests/test_outputs.py:215: 
_ _ _ _ _ _ _ _ _ _ _ _ _ _ _ _ _ _ _ _ _ _ _ _ _ _ _ _ _ _ _ _ _ _ _ _ _ _ _ _ 
/tests/test_outputs.py:114: in check
    compare(_run_port(name), _expected(name))
            ^^^^^^^^^^^^^^^
/tests/test_outputs.py:96: in _run_port
    return _run_port_paths(
_ _ _ _ _ _ _ _ _ _ _ _ _ _ _ _ _ _ _ _ _ _ _ _ _ _ _ _ _ _ _ _ _ _ _ _ _ _ _ _ 

readings_source = '/tests/cases/postings_empty.dat'
payments_source = '/tests/cases/postings_empty.pay', tag = 'postings_empty'

    def _run_port_paths(readings_source, payments_source, tag="run"):
        """Run the port on one extract pair as an unprivileged user; return its output bytes.
    
        The three files sit in different directories under names taken from the case,
        and the port runs from a fourth, empty directory, so only the paths it is given
        lead to them."""
        port_stat = os.lstat(PORT)
        assert stat.S_ISREG(port_stat.st_mode), "the submitted port must be one regular Python file"
        scratch = tempfile.mkdtemp(prefix="wbill-")
        os.chmod(scratch, 0o755)
        dirs = {}
        for role in ("extract", "export", "print", "cwd"):
            dirs[role] = os.path.join(scratch, f"{role}-{tag}")
            os.mkdir(dirs[role])
            os.chmod(dirs[role], 0o777 if role in ("print", "cwd") else 0o755)
        readings = os.path.join(dirs["extract"], f"{tag}.readings")
        payments = os.path.join(dirs["export"], f"{tag}-postings.txt")
        output = os.path.join(dirs["print"], f"STMT.{tag}")
        shutil.copyfile(readings_source, readings)
        shutil.copyfile(payments_source, payments)
        for path in (readings, payments):
            os.chmod(path, 0o444)
        env = {"PATH": "/usr/local/bin:/usr/bin:/bin", "HOME": dirs["cwd"], "LANG": "C.UTF-8"}
        command = [PYTHON, PORT, readings, payments, output]
        demote = os.geteuid() == 0
        proc = subprocess.Popen(
            ["setpriv", "--reuid=65534", "--regid=65534", "--clear-groups", "--no-new-privs"] + command
            if demote else command,
            cwd=dirs["cwd"], env=env, stdout=subprocess.PIPE, stderr=subprocess.PIPE, start_new_session=True)
        try:
            _, err = proc.communicate(timeout=max(1.0, DEADLINE - time.monotonic()))
        except subprocess.TimeoutExpired:
            err = b"ran past the verifier's time budget"
        finally:
            try:
                os.killpg(proc.pid, signal.SIGKILL)
            except ProcessLookupError:
                pass
            proc.wait()
        try:
>           assert proc.returncode == 0, "the port failed:\n" + err.decode("utf-8", "replace")[-2000:]
E           AssertionError: the port failed:
E             Traceback (most recent call last):
E               File "/app/port/wbill.py", line 358, in <module>
E                 main([sys.argv[0], "custin.dat", "payin.dat", "stmtout.txt"])
E                 ~~~~^^^^^^^^^^^^^^^^^^^^^^^^^^^^^^^^^^^^^^^^^^^^^^^^^^^^^^^^^
E               File "/app/port/wbill.py", line 329, in main
E                 with open(argv[1], "r", encoding="latin-1", newline="\n") as fh:
E                      ~~~~^^^^^^^^^^^^^^^^^^^^^^^^^^^^^^^^^^^^^^^^^^^^^^^^
E             FileNotFoundError: [Errno 2] No such file or directory: 'custin.dat'
E             
E           assert 1 == 0
E            +  where 1 = <Popen: returncode: 1 args: ['setpriv', '--reuid=65534', '--regid=65534', '-...>.returncode

/tests/test_outputs.py:80: AssertionError
_______________________ test_postings_kinds_and_accounts _______________________

    def test_postings_kinds_and_accounts():
>       check("postings_kinds_and_accounts")

/tests/test_outputs.py:219: 
_ _ _ _ _ _ _ _ _ _ _ _ _ _ _ _ _ _ _ _ _ _ _ _ _ _ _ _ _ _ _ _ _ _ _ _ _ _ _ _ 
/tests/test_outputs.py:114: in check
    compare(_run_port(name), _expected(name))
            ^^^^^^^^^^^^^^^
/tests/test_outputs.py:96: in _run_port
    return _run_port_paths(
_ _ _ _ _ _ _ _ _ _ _ _ _ _ _ _ _ _ _ _ _ _ _ _ _ _ _ _ _ _ _ _ _ _ _ _ _ _ _ _ 

readings_source = '/tests/cases/postings_kinds_and_accounts.dat'
payments_source = '/tests/cases/postings_kinds_and_accounts.pay'
tag = 'postings_kinds_and_accounts'

    def _run_port_paths(readings_source, payments_source, tag="run"):
        """Run the port on one extract pair as an unprivileged user; return its output bytes.
    
        The three files sit in different directories under names taken from the case,
        and the port runs from a fourth, empty directory, so only the paths it is given
        lead to them."""
        port_stat = os.lstat(PORT)
        assert stat.S_ISREG(port_stat.st_mode), "the submitted port must be one regular Python file"
        scratch = tempfile.mkdtemp(prefix="wbill-")
        os.chmod(scratch, 0o755)
        dirs = {}
        for role in ("extract", "export", "print", "cwd"):
            dirs[role] = os.path.join(scratch, f"{role}-{tag}")
            os.mkdir(dirs[role])
            os.chmod(dirs[role], 0o777 if role in ("print", "cwd") else 0o755)
        readings = os.path.join(dirs["extract"], f"{tag}.readings")
        payments = os.path.join(dirs["export"], f"{tag}-postings.txt")
        output = os.path.join(dirs["print"], f"STMT.{tag}")
        shutil.copyfile(readings_source, readings)
        shutil.copyfile(payments_source, payments)
        for path in (readings, payments):
            os.chmod(path, 0o444)
        env = {"PATH": "/usr/local/bin:/usr/bin:/bin", "HOME": dirs["cwd"], "LANG": "C.UTF-8"}
        command = [PYTHON, PORT, readings, payments, output]
        demote = os.geteuid() == 0
        proc = subprocess.Popen(
            ["setpriv", "--reuid=65534", "--regid=65534", "--clear-groups", "--no-new-privs"] + command
            if demote else command,
            cwd=dirs["cwd"], env=env, stdout=subprocess.PIPE, stderr=subprocess.PIPE, start_new_session=True)
        try:
            _, err = proc.communicate(timeout=max(1.0, DEADLINE - time.monotonic()))
        except subprocess.TimeoutExpired:
            err = b"ran past the verifier's time budget"
        finally:
            try:
                os.killpg(proc.pid, signal.SIGKILL)
            except ProcessLookupError:
                pass
            proc.wait()
        try:
>           assert proc.returncode == 0, "the port failed:\n" + err.decode("utf-8", "replace")[-2000:]
E           AssertionError: the port failed:
E             Traceback (most recent call last):
E               File "/app/port/wbill.py", line 358, in <module>
E                 main([sys.argv[0], "custin.dat", "payin.dat", "stmtout.txt"])
E                 ~~~~^^^^^^^^^^^^^^^^^^^^^^^^^^^^^^^^^^^^^^^^^^^^^^^^^^^^^^^^^
E               File "/app/port/wbill.py", line 329, in main
E                 with open(argv[1], "r", encoding="latin-1", newline="\n") as fh:
E                      ~~~~^^^^^^^^^^^^^^^^^^^^^^^^^^^^^^^^^^^^^^^^^^^^^^^^
E             FileNotFoundError: [Errno 2] No such file or directory: 'custin.dat'
E             
E           assert 1 == 0
E            +  where 1 = <Popen: returncode: 1 args: ['setpriv', '--reuid=65534', '--regid=65534', '-...>.returncode

/tests/test_outputs.py:80: AssertionError
_____________________________ test_postings_memos ______________________________

    def test_postings_memos():
>       check("postings_memos")

/tests/test_outputs.py:223: 
_ _ _ _ _ _ _ _ _ _ _ _ _ _ _ _ _ _ _ _ _ _ _ _ _ _ _ _ _ _ _ _ _ _ _ _ _ _ _ _ 
/tests/test_outputs.py:114: in check
    compare(_run_port(name), _expected(name))
            ^^^^^^^^^^^^^^^
/tests/test_outputs.py:96: in _run_port
    return _run_port_paths(
_ _ _ _ _ _ _ _ _ _ _ _ _ _ _ _ _ _ _ _ _ _ _ _ _ _ _ _ _ _ _ _ _ _ _ _ _ _ _ _ 

readings_source = '/tests/cases/postings_memos.dat'
payments_source = '/tests/cases/postings_memos.pay', tag = 'postings_memos'

    def _run_port_paths(readings_source, payments_source, tag="run"):
        """Run the port on one extract pair as an unprivileged user; return its output bytes.
    
        The three files sit in different directories under names taken from the case,
        and the port runs from a fourth, empty directory, so only the paths it is given
        lead to them."""
        port_stat = os.lstat(PORT)
        assert stat.S_ISREG(port_stat.st_mode), "the submitted port must be one regular Python file"
        scratch = tempfile.mkdtemp(prefix="wbill-")
        os.chmod(scratch, 0o755)
        dirs = {}
        for role in ("extract", "export", "print", "cwd"):
            dirs[role] = os.path.join(scratch, f"{role}-{tag}")
            os.mkdir(dirs[role])
            os.chmod(dirs[role], 0o777 if role in ("print", "cwd") else 0o755)
        readings = os.path.join(dirs["extract"], f"{tag}.readings")
        payments = os.path.join(dirs["export"], f"{tag}-postings.txt")
        output = os.path.join(dirs["print"], f"STMT.{tag}")
        shutil.copyfile(readings_source, readings)
        shutil.copyfile(payments_source, payments)
        for path in (readings, payments):
            os.chmod(path, 0o444)
        env = {"PATH": "/usr/local/bin:/usr/bin:/bin", "HOME": dirs["cwd"], "LANG": "C.UTF-8"}
        command = [PYTHON, PORT, readings, payments, output]
        demote = os.geteuid() == 0
        proc = subprocess.Popen(
            ["setpriv", "--reuid=65534", "--regid=65534", "--clear-groups", "--no-new-privs"] + command
            if demote else command,
            cwd=dirs["cwd"], env=env, stdout=subprocess.PIPE, stderr=subprocess.PIPE, start_new_session=True)
        try:
            _, err = proc.communicate(timeout=max(1.0, DEADLINE - time.monotonic()))
        except subprocess.TimeoutExpired:
            err = b"ran past the verifier's time budget"
        finally:
            try:
                os.killpg(proc.pid, signal.SIGKILL)
            except ProcessLookupError:
                pass
            proc.wait()
        try:
>           assert proc.returncode == 0, "the port failed:\n" + err.decode("utf-8", "replace")[-2000:]
E           AssertionError: the port failed:
E             Traceback (most recent call last):
E               File "/app/port/wbill.py", line 358, in <module>
E                 main([sys.argv[0], "custin.dat", "payin.dat", "stmtout.txt"])
E                 ~~~~^^^^^^^^^^^^^^^^^^^^^^^^^^^^^^^^^^^^^^^^^^^^^^^^^^^^^^^^^
E               File "/app/port/wbill.py", line 329, in main
E                 with open(argv[1], "r", encoding="latin-1", newline="\n") as fh:
E                      ~~~~^^^^^^^^^^^^^^^^^^^^^^^^^^^^^^^^^^^^^^^^^^^^^^^^
E             FileNotFoundError: [Errno 2] No such file or directory: 'custin.dat'
E             
E           assert 1 == 0
E            +  where 1 = <Popen: returncode: 1 args: ['setpriv', '--reuid=65534', '--regid=65534', '-...>.returncode

/tests/test_outputs.py:80: AssertionError
____________________________ test_postings_ordinary ____________________________

    def test_postings_ordinary():
>       check("postings_ordinary")

/tests/test_outputs.py:227: 
_ _ _ _ _ _ _ _ _ _ _ _ _ _ _ _ _ _ _ _ _ _ _ _ _ _ _ _ _ _ _ _ _ _ _ _ _ _ _ _ 
/tests/test_outputs.py:114: in check
    compare(_run_port(name), _expected(name))
            ^^^^^^^^^^^^^^^
/tests/test_outputs.py:96: in _run_port
    return _run_port_paths(
_ _ _ _ _ _ _ _ _ _ _ _ _ _ _ _ _ _ _ _ _ _ _ _ _ _ _ _ _ _ _ _ _ _ _ _ _ _ _ _ 

readings_source = '/tests/cases/postings_ordinary.dat'
payments_source = '/tests/cases/postings_ordinary.pay'
tag = 'postings_ordinary'

    def _run_port_paths(readings_source, payments_source, tag="run"):
        """Run the port on one extract pair as an unprivileged user; return its output bytes.
    
        The three files sit in different directories under names taken from the case,
        and the port runs from a fourth, empty directory, so only the paths it is given
        lead to them."""
        port_stat = os.lstat(PORT)
        assert stat.S_ISREG(port_stat.st_mode), "the submitted port must be one regular Python file"
        scratch = tempfile.mkdtemp(prefix="wbill-")
        os.chmod(scratch, 0o755)
        dirs = {}
        for role in ("extract", "export", "print", "cwd"):
            dirs[role] = os.path.join(scratch, f"{role}-{tag}")
            os.mkdir(dirs[role])
            os.chmod(dirs[role], 0o777 if role in ("print", "cwd") else 0o755)
        readings = os.path.join(dirs["extract"], f"{tag}.readings")
        payments = os.path.join(dirs["export"], f"{tag}-postings.txt")
        output = os.path.join(dirs["print"], f"STMT.{tag}")
        shutil.copyfile(readings_source, readings)
        shutil.copyfile(payments_source, payments)
        for path in (readings, payments):
            os.chmod(path, 0o444)
        env = {"PATH": "/usr/local/bin:/usr/bin:/bin", "HOME": dirs["cwd"], "LANG": "C.UTF-8"}
        command = [PYTHON, PORT, readings, payments, output]
        demote = os.geteuid() == 0
        proc = subprocess.Popen(
            ["setpriv", "--reuid=65534", "--regid=65534", "--clear-groups", "--no-new-privs"] + command
            if demote else command,
            cwd=dirs["cwd"], env=env, stdout=subprocess.PIPE, stderr=subprocess.PIPE, start_new_session=True)
        try:
            _, err = proc.communicate(timeout=max(1.0, DEADLINE - time.monotonic()))
        except subprocess.TimeoutExpired:
            err = b"ran past the verifier's time budget"
        finally:
            try:
                os.killpg(proc.pid, signal.SIGKILL)
            except ProcessLookupError:
                pass
            proc.wait()
        try:
>           assert proc.returncode == 0, "the port failed:\n" + err.decode("utf-8", "replace")[-2000:]
E           AssertionError: the port failed:
E             Traceback (most recent call last):
E               File "/app/port/wbill.py", line 358, in <module>
E                 main([sys.argv[0], "custin.dat", "payin.dat", "stmtout.txt"])
E                 ~~~~^^^^^^^^^^^^^^^^^^^^^^^^^^^^^^^^^^^^^^^^^^^^^^^^^^^^^^^^^
E               File "/app/port/wbill.py", line 329, in main
E                 with open(argv[1], "r", encoding="latin-1", newline="\n") as fh:
E                      ~~~~^^^^^^^^^^^^^^^^^^^^^^^^^^^^^^^^^^^^^^^^^^^^^^^^
E             FileNotFoundError: [Errno 2] No such file or directory: 'custin.dat'
E             
E           assert 1 == 0
E            +  where 1 = <Popen: returncode: 1 args: ['setpriv', '--reuid=65534', '--regid=65534', '-...>.returncode

/tests/test_outputs.py:80: AssertionError
_________________________ test_postings_rounding_modes _________________________

    def test_postings_rounding_modes():
>       check("postings_rounding_modes")

/tests/test_outputs.py:231: 
_ _ _ _ _ _ _ _ _ _ _ _ _ _ _ _ _ _ _ _ _ _ _ _ _ _ _ _ _ _ _ _ _ _ _ _ _ _ _ _ 
/tests/test_outputs.py:114: in check
    compare(_run_port(name), _expected(name))
            ^^^^^^^^^^^^^^^
/tests/test_outputs.py:96: in _run_port
    return _run_port_paths(
_ _ _ _ _ _ _ _ _ _ _ _ _ _ _ _ _ _ _ _ _ _ _ _ _ _ _ _ _ _ _ _ _ _ _ _ _ _ _ _ 

readings_source = '/tests/cases/postings_rounding_modes.dat'
payments_source = '/tests/cases/postings_rounding_modes.pay'
tag = 'postings_rounding_modes'

    def _run_port_paths(readings_source, payments_source, tag="run"):
        """Run the port on one extract pair as an unprivileged user; return its output bytes.
    
        The three files sit in different directories under names taken from the case,
        and the port runs from a fourth, empty directory, so only the paths it is given
        lead to them."""
        port_stat = os.lstat(PORT)
        assert stat.S_ISREG(port_stat.st_mode), "the submitted port must be one regular Python file"
        scratch = tempfile.mkdtemp(prefix="wbill-")
        os.chmod(scratch, 0o755)
        dirs = {}
        for role in ("extract", "export", "print", "cwd"):
            dirs[role] = os.path.join(scratch, f"{role}-{tag}")
            os.mkdir(dirs[role])
            os.chmod(dirs[role], 0o777 if role in ("print", "cwd") else 0o755)
        readings = os.path.join(dirs["extract"], f"{tag}.readings")
        payments = os.path.join(dirs["export"], f"{tag}-postings.txt")
        output = os.path.join(dirs["print"], f"STMT.{tag}")
        shutil.copyfile(readings_source, readings)
        shutil.copyfile(payments_source, payments)
        for path in (readings, payments):
            os.chmod(path, 0o444)
        env = {"PATH": "/usr/local/bin:/usr/bin:/bin", "HOME": dirs["cwd"], "LANG": "C.UTF-8"}
        command = [PYTHON, PORT, readings, payments, output]
        demote = os.geteuid() == 0
        proc = subprocess.Popen(
            ["setpriv", "--reuid=65534", "--regid=65534", "--clear-groups", "--no-new-privs"] + command
            if demote else command,
            cwd=dirs["cwd"], env=env, stdout=subprocess.PIPE, stderr=subprocess.PIPE, start_new_session=True)
        try:
            _, err = proc.communicate(timeout=max(1.0, DEADLINE - time.monotonic()))
        except subprocess.TimeoutExpired:
            err = b"ran past the verifier's time budget"
        finally:
            try:
                os.killpg(proc.pid, signal.SIGKILL)
            except ProcessLookupError:
                pass
            proc.wait()
        try:
>           assert proc.returncode == 0, "the port failed:\n" + err.decode("utf-8", "replace")[-2000:]
E           AssertionError: the port failed:
E             Traceback (most recent call last):
E               File "/app/port/wbill.py", line 358, in <module>
E                 main([sys.argv[0], "custin.dat", "payin.dat", "stmtout.txt"])
E                 ~~~~^^^^^^^^^^^^^^^^^^^^^^^^^^^^^^^^^^^^^^^^^^^^^^^^^^^^^^^^^
E               File "/app/port/wbill.py", line 329, in main
E                 with open(argv[1], "r", encoding="latin-1", newline="\n") as fh:
E                      ~~~~^^^^^^^^^^^^^^^^^^^^^^^^^^^^^^^^^^^^^^^^^^^^^^^^
E             FileNotFoundError: [Errno 2] No such file or directory: 'custin.dat'
E             
E           assert 1 == 0
E            +  where 1 = <Popen: returncode: 1 args: ['setpriv', '--reuid=65534', '--regid=65534', '-...>.returncode

/tests/test_outputs.py:80: AssertionError
_______________________ test_postings_with_fewer_fields ________________________

    def test_postings_with_fewer_fields():
>       check("postings_with_fewer_fields")

/tests/test_outputs.py:235: 
_ _ _ _ _ _ _ _ _ _ _ _ _ _ _ _ _ _ _ _ _ _ _ _ _ _ _ _ _ _ _ _ _ _ _ _ _ _ _ _ 
/tests/test_outputs.py:114: in check
    compare(_run_port(name), _expected(name))
            ^^^^^^^^^^^^^^^
/tests/test_outputs.py:96: in _run_port
    return _run_port_paths(
_ _ _ _ _ _ _ _ _ _ _ _ _ _ _ _ _ _ _ _ _ _ _ _ _ _ _ _ _ _ _ _ _ _ _ _ _ _ _ _ 

readings_source = '/tests/cases/postings_with_fewer_fields.dat'
payments_source = '/tests/cases/postings_with_fewer_fields.pay'
tag = 'postings_with_fewer_fields'

    def _run_port_paths(readings_source, payments_source, tag="run"):
        """Run the port on one extract pair as an unprivileged user; return its output bytes.
    
        The three files sit in different directories under names taken from the case,
        and the port runs from a fourth, empty directory, so only the paths it is given
        lead to them."""
        port_stat = os.lstat(PORT)
        assert stat.S_ISREG(port_stat.st_mode), "the submitted port must be one regular Python file"
        scratch = tempfile.mkdtemp(prefix="wbill-")
        os.chmod(scratch, 0o755)
        dirs = {}
        for role in ("extract", "export", "print", "cwd"):
            dirs[role] = os.path.join(scratch, f"{role}-{tag}")
            os.mkdir(dirs[role])
            os.chmod(dirs[role], 0o777 if role in ("print", "cwd") else 0o755)
        readings = os.path.join(dirs["extract"], f"{tag}.readings")
        payments = os.path.join(dirs["export"], f"{tag}-postings.txt")
        output = os.path.join(dirs["print"], f"STMT.{tag}")
        shutil.copyfile(readings_source, readings)
        shutil.copyfile(payments_source, payments)
        for path in (readings, payments):
            os.chmod(path, 0o444)
        env = {"PATH": "/usr/local/bin:/usr/bin:/bin", "HOME": dirs["cwd"], "LANG": "C.UTF-8"}
        command = [PYTHON, PORT, readings, payments, output]
        demote = os.geteuid() == 0
        proc = subprocess.Popen(
            ["setpriv", "--reuid=65534", "--regid=65534", "--clear-groups", "--no-new-privs"] + command
            if demote else command,
            cwd=dirs["cwd"], env=env, stdout=subprocess.PIPE, stderr=subprocess.PIPE, start_new_session=True)
        try:
            _, err = proc.communicate(timeout=max(1.0, DEADLINE - time.monotonic()))
        except subprocess.TimeoutExpired:
            err = b"ran past the verifier's time budget"
        finally:
            try:
                os.killpg(proc.pid, signal.SIGKILL)
            except ProcessLookupError:
                pass
            proc.wait()
        try:
>           assert proc.returncode == 0, "the port failed:\n" + err.decode("utf-8", "replace")[-2000:]
E           AssertionError: the port failed:
E             Traceback (most recent call last):
E               File "/app/port/wbill.py", line 358, in <module>
E                 main([sys.argv[0], "custin.dat", "payin.dat", "stmtout.txt"])
E                 ~~~~^^^^^^^^^^^^^^^^^^^^^^^^^^^^^^^^^^^^^^^^^^^^^^^^^^^^^^^^^
E               File "/app/port/wbill.py", line 329, in main
E                 with open(argv[1], "r", encoding="latin-1", newline="\n") as fh:
E                      ~~~~^^^^^^^^^^^^^^^^^^^^^^^^^^^^^^^^^^^^^^^^^^^^^^^^
E             FileNotFoundError: [Errno 2] No such file or directory: 'custin.dat'
E             
E           assert 1 == 0
E            +  where 1 = <Popen: returncode: 1 args: ['setpriv', '--reuid=65534', '--regid=65534', '-...>.returncode

/tests/test_outputs.py:80: AssertionError
____________________________ test_rejected_records _____________________________

    def test_rejected_records():
>       check("rejected_records")

/tests/test_outputs.py:239: 
_ _ _ _ _ _ _ _ _ _ _ _ _ _ _ _ _ _ _ _ _ _ _ _ _ _ _ _ _ _ _ _ _ _ _ _ _ _ _ _ 
/tests/test_outputs.py:114: in check
    compare(_run_port(name), _expected(name))
            ^^^^^^^^^^^^^^^
/tests/test_outputs.py:96: in _run_port
    return _run_port_paths(
_ _ _ _ _ _ _ _ _ _ _ _ _ _ _ _ _ _ _ _ _ _ _ _ _ _ _ _ _ _ _ _ _ _ _ _ _ _ _ _ 

readings_source = '/tests/cases/rejected_records.dat'
payments_source = '/tests/cases/rejected_records.pay', tag = 'rejected_records'

    def _run_port_paths(readings_source, payments_source, tag="run"):
        """Run the port on one extract pair as an unprivileged user; return its output bytes.
    
        The three files sit in different directories under names taken from the case,
        and the port runs from a fourth, empty directory, so only the paths it is given
        lead to them."""
        port_stat = os.lstat(PORT)
        assert stat.S_ISREG(port_stat.st_mode), "the submitted port must be one regular Python file"
        scratch = tempfile.mkdtemp(prefix="wbill-")
        os.chmod(scratch, 0o755)
        dirs = {}
        for role in ("extract", "export", "print", "cwd"):
            dirs[role] = os.path.join(scratch, f"{role}-{tag}")
            os.mkdir(dirs[role])
            os.chmod(dirs[role], 0o777 if role in ("print", "cwd") else 0o755)
        readings = os.path.join(dirs["extract"], f"{tag}.readings")
        payments = os.path.join(dirs["export"], f"{tag}-postings.txt")
        output = os.path.join(dirs["print"], f"STMT.{tag}")
        shutil.copyfile(readings_source, readings)
        shutil.copyfile(payments_source, payments)
        for path in (readings, payments):
            os.chmod(path, 0o444)
        env = {"PATH": "/usr/local/bin:/usr/bin:/bin", "HOME": dirs["cwd"], "LANG": "C.UTF-8"}
        command = [PYTHON, PORT, readings, payments, output]
        demote = os.geteuid() == 0
        proc = subprocess.Popen(
            ["setpriv", "--reuid=65534", "--regid=65534", "--clear-groups", "--no-new-privs"] + command
            if demote else command,
            cwd=dirs["cwd"], env=env, stdout=subprocess.PIPE, stderr=subprocess.PIPE, start_new_session=True)
        try:
            _, err = proc.communicate(timeout=max(1.0, DEADLINE - time.monotonic()))
        except subprocess.TimeoutExpired:
            err = b"ran past the verifier's time budget"
        finally:
            try:
                os.killpg(proc.pid, signal.SIGKILL)
            except ProcessLookupError:
                pass
            proc.wait()
        try:
>           assert proc.returncode == 0, "the port failed:\n" + err.decode("utf-8", "replace")[-2000:]
E           AssertionError: the port failed:
E             Traceback (most recent call last):
E               File "/app/port/wbill.py", line 358, in <module>
E                 main([sys.argv[0], "custin.dat", "payin.dat", "stmtout.txt"])
E                 ~~~~^^^^^^^^^^^^^^^^^^^^^^^^^^^^^^^^^^^^^^^^^^^^^^^^^^^^^^^^^
E               File "/app/port/wbill.py", line 329, in main
E                 with open(argv[1], "r", encoding="latin-1", newline="\n") as fh:
E                      ~~~~^^^^^^^^^^^^^^^^^^^^^^^^^^^^^^^^^^^^^^^^^^^^^^^^
E             FileNotFoundError: [Errno 2] No such file or directory: 'custin.dat'
E             
E           assert 1 == 0
E            +  where 1 = <Popen: returncode: 1 args: ['setpriv', '--reuid=65534', '--regid=65534', '-...>.returncode

/tests/test_outputs.py:80: AssertionError
___________________________ test_rounding_boundaries ___________________________

    def test_rounding_boundaries():
>       check("rounding_boundaries")

/tests/test_outputs.py:243: 
_ _ _ _ _ _ _ _ _ _ _ _ _ _ _ _ _ _ _ _ _ _ _ _ _ _ _ _ _ _ _ _ _ _ _ _ _ _ _ _ 
/tests/test_outputs.py:114: in check
    compare(_run_port(name), _expected(name))
            ^^^^^^^^^^^^^^^
/tests/test_outputs.py:96: in _run_port
    return _run_port_paths(
_ _ _ _ _ _ _ _ _ _ _ _ _ _ _ _ _ _ _ _ _ _ _ _ _ _ _ _ _ _ _ _ _ _ _ _ _ _ _ _ 

readings_source = '/tests/cases/rounding_boundaries.dat'
payments_source = '/tests/cases/rounding_boundaries.pay'
tag = 'rounding_boundaries'

    def _run_port_paths(readings_source, payments_source, tag="run"):
        """Run the port on one extract pair as an unprivileged user; return its output bytes.
    
        The three files sit in different directories under names taken from the case,
        and the port runs from a fourth, empty directory, so only the paths it is given
        lead to them."""
        port_stat = os.lstat(PORT)
        assert stat.S_ISREG(port_stat.st_mode), "the submitted port must be one regular Python file"
        scratch = tempfile.mkdtemp(prefix="wbill-")
        os.chmod(scratch, 0o755)
        dirs = {}
        for role in ("extract", "export", "print", "cwd"):
            dirs[role] = os.path.join(scratch, f"{role}-{tag}")
            os.mkdir(dirs[role])
            os.chmod(dirs[role], 0o777 if role in ("print", "cwd") else 0o755)
        readings = os.path.join(dirs["extract"], f"{tag}.readings")
        payments = os.path.join(dirs["export"], f"{tag}-postings.txt")
        output = os.path.join(dirs["print"], f"STMT.{tag}")
        shutil.copyfile(readings_source, readings)
        shutil.copyfile(payments_source, payments)
        for path in (readings, payments):
            os.chmod(path, 0o444)
        env = {"PATH": "/usr/local/bin:/usr/bin:/bin", "HOME": dirs["cwd"], "LANG": "C.UTF-8"}
        command = [PYTHON, PORT, readings, payments, output]
        demote = os.geteuid() == 0
        proc = subprocess.Popen(
            ["setpriv", "--reuid=65534", "--regid=65534", "--clear-groups", "--no-new-privs"] + command
            if demote else command,
            cwd=dirs["cwd"], env=env, stdout=subprocess.PIPE, stderr=subprocess.PIPE, start_new_session=True)
        try:
            _, err = proc.communicate(timeout=max(1.0, DEADLINE - time.monotonic()))
        except subprocess.TimeoutExpired:
            err = b"ran past the verifier's time budget"
        finally:
            try:
                os.killpg(proc.pid, signal.SIGKILL)
            except ProcessLookupError:
                pass
            proc.wait()
        try:
>           assert proc.returncode == 0, "the port failed:\n" + err.decode("utf-8", "replace")[-2000:]
E           AssertionError: the port failed:
E             Traceback (most recent call last):
E               File "/app/port/wbill.py", line 358, in <module>
E                 main([sys.argv[0], "custin.dat", "payin.dat", "stmtout.txt"])
E                 ~~~~^^^^^^^^^^^^^^^^^^^^^^^^^^^^^^^^^^^^^^^^^^^^^^^^^^^^^^^^^
E               File "/app/port/wbill.py", line 329, in main
E                 with open(argv[1], "r", encoding="latin-1", newline="\n") as fh:
E                      ~~~~^^^^^^^^^^^^^^^^^^^^^^^^^^^^^^^^^^^^^^^^^^^^^^^^
E             FileNotFoundError: [Errno 2] No such file or directory: 'custin.dat'
E             
E           assert 1 == 0
E            +  where 1 = <Popen: returncode: 1 args: ['setpriv', '--reuid=65534', '--regid=65534', '-...>.returncode

/tests/test_outputs.py:80: AssertionError
_______________________________ test_short_lines _______________________________

    def test_short_lines():
>       check("short_lines")

/tests/test_outputs.py:247: 
_ _ _ _ _ _ _ _ _ _ _ _ _ _ _ _ _ _ _ _ _ _ _ _ _ _ _ _ _ _ _ _ _ _ _ _ _ _ _ _ 
/tests/test_outputs.py:114: in check
    compare(_run_port(name), _expected(name))
            ^^^^^^^^^^^^^^^
/tests/test_outputs.py:96: in _run_port
    return _run_port_paths(
_ _ _ _ _ _ _ _ _ _ _ _ _ _ _ _ _ _ _ _ _ _ _ _ _ _ _ _ _ _ _ _ _ _ _ _ _ _ _ _ 

readings_source = '/tests/cases/short_lines.dat'
payments_source = '/tests/cases/short_lines.pay', tag = 'short_lines'

    def _run_port_paths(readings_source, payments_source, tag="run"):
        """Run the port on one extract pair as an unprivileged user; return its output bytes.
    
        The three files sit in different directories under names taken from the case,
        and the port runs from a fourth, empty directory, so only the paths it is given
        lead to them."""
        port_stat = os.lstat(PORT)
        assert stat.S_ISREG(port_stat.st_mode), "the submitted port must be one regular Python file"
        scratch = tempfile.mkdtemp(prefix="wbill-")
        os.chmod(scratch, 0o755)
        dirs = {}
        for role in ("extract", "export", "print", "cwd"):
            dirs[role] = os.path.join(scratch, f"{role}-{tag}")
            os.mkdir(dirs[role])
            os.chmod(dirs[role], 0o777 if role in ("print", "cwd") else 0o755)
        readings = os.path.join(dirs["extract"], f"{tag}.readings")
        payments = os.path.join(dirs["export"], f"{tag}-postings.txt")
        output = os.path.join(dirs["print"], f"STMT.{tag}")
        shutil.copyfile(readings_source, readings)
        shutil.copyfile(payments_source, payments)
        for path in (readings, payments):
            os.chmod(path, 0o444)
        env = {"PATH": "/usr/local/bin:/usr/bin:/bin", "HOME": dirs["cwd"], "LANG": "C.UTF-8"}
        command = [PYTHON, PORT, readings, payments, output]
        demote = os.geteuid() == 0
        proc = subprocess.Popen(
            ["setpriv", "--reuid=65534", "--regid=65534", "--clear-groups", "--no-new-privs"] + command
            if demote else command,
            cwd=dirs["cwd"], env=env, stdout=subprocess.PIPE, stderr=subprocess.PIPE, start_new_session=True)
        try:
            _, err = proc.communicate(timeout=max(1.0, DEADLINE - time.monotonic()))
        except subprocess.TimeoutExpired:
            err = b"ran past the verifier's time budget"
        finally:
            try:
                os.killpg(proc.pid, signal.SIGKILL)
            except ProcessLookupError:
                pass
            proc.wait()
        try:
>           assert proc.returncode == 0, "the port failed:\n" + err.decode("utf-8", "replace")[-2000:]
E           AssertionError: the port failed:
E             Traceback (most recent call last):
E               File "/app/port/wbill.py", line 358, in <module>
E                 main([sys.argv[0], "custin.dat", "payin.dat", "stmtout.txt"])
E                 ~~~~^^^^^^^^^^^^^^^^^^^^^^^^^^^^^^^^^^^^^^^^^^^^^^^^^^^^^^^^^
E               File "/app/port/wbill.py", line 329, in main
E                 with open(argv[1], "r", encoding="latin-1", newline="\n") as fh:
E                      ~~~~^^^^^^^^^^^^^^^^^^^^^^^^^^^^^^^^^^^^^^^^^^^^^^^^
E             FileNotFoundError: [Errno 2] No such file or directory: 'custin.dat'
E             
E           assert 1 == 0
E            +  where 1 = <Popen: returncode: 1 args: ['setpriv', '--reuid=65534', '--regid=65534', '-...>.returncode

/tests/test_outputs.py:80: AssertionError
_______________________________ test_two_headers _______________________________

    def test_two_headers():
>       check("two_headers")

/tests/test_outputs.py:251: 
_ _ _ _ _ _ _ _ _ _ _ _ _ _ _ _ _ _ _ _ _ _ _ _ _ _ _ _ _ _ _ _ _ _ _ _ _ _ _ _ 
/tests/test_outputs.py:114: in check
    compare(_run_port(name), _expected(name))
            ^^^^^^^^^^^^^^^
/tests/test_outputs.py:96: in _run_port
    return _run_port_paths(
_ _ _ _ _ _ _ _ _ _ _ _ _ _ _ _ _ _ _ _ _ _ _ _ _ _ _ _ _ _ _ _ _ _ _ _ _ _ _ _ 

readings_source = '/tests/cases/two_headers.dat'
payments_source = '/tests/cases/two_headers.pay', tag = 'two_headers'

    def _run_port_paths(readings_source, payments_source, tag="run"):
        """Run the port on one extract pair as an unprivileged user; return its output bytes.
    
        The three files sit in different directories under names taken from the case,
        and the port runs from a fourth, empty directory, so only the paths it is given
        lead to them."""
        port_stat = os.lstat(PORT)
        assert stat.S_ISREG(port_stat.st_mode), "the submitted port must be one regular Python file"
        scratch = tempfile.mkdtemp(prefix="wbill-")
        os.chmod(scratch, 0o755)
        dirs = {}
        for role in ("extract", "export", "print", "cwd"):
            dirs[role] = os.path.join(scratch, f"{role}-{tag}")
            os.mkdir(dirs[role])
            os.chmod(dirs[role], 0o777 if role in ("print", "cwd") else 0o755)
        readings = os.path.join(dirs["extract"], f"{tag}.readings")
        payments = os.path.join(dirs["export"], f"{tag}-postings.txt")
        output = os.path.join(dirs["print"], f"STMT.{tag}")
        shutil.copyfile(readings_source, readings)
        shutil.copyfile(payments_source, payments)
        for path in (readings, payments):
            os.chmod(path, 0o444)
        env = {"PATH": "/usr/local/bin:/usr/bin:/bin", "HOME": dirs["cwd"], "LANG": "C.UTF-8"}
        command = [PYTHON, PORT, readings, payments, output]
        demote = os.geteuid() == 0
        proc = subprocess.Popen(
            ["setpriv", "--reuid=65534", "--regid=65534", "--clear-groups", "--no-new-privs"] + command
            if demote else command,
            cwd=dirs["cwd"], env=env, stdout=subprocess.PIPE, stderr=subprocess.PIPE, start_new_session=True)
        try:
            _, err = proc.communicate(timeout=max(1.0, DEADLINE - time.monotonic()))
        except subprocess.TimeoutExpired:
            err = b"ran past the verifier's time budget"
        finally:
            try:
                os.killpg(proc.pid, signal.SIGKILL)
            except ProcessLookupError:
                pass
            proc.wait()
        try:
>           assert proc.returncode == 0, "the port failed:\n" + err.decode("utf-8", "replace")[-2000:]
E           AssertionError: the port failed:
E             Traceback (most recent call last):
E               File "/app/port/wbill.py", line 358, in <module>
E                 main([sys.argv[0], "custin.dat", "payin.dat", "stmtout.txt"])
E                 ~~~~^^^^^^^^^^^^^^^^^^^^^^^^^^^^^^^^^^^^^^^^^^^^^^^^^^^^^^^^^
E               File "/app/port/wbill.py", line 329, in main
E                 with open(argv[1], "r", encoding="latin-1", newline="\n") as fh:
E                      ~~~~^^^^^^^^^^^^^^^^^^^^^^^^^^^^^^^^^^^^^^^^^^^^^^^^
E             FileNotFoundError: [Errno 2] No such file or directory: 'custin.dat'
E             
E           assert 1 == 0
E            +  where 1 = <Popen: returncode: 1 args: ['setpriv', '--reuid=65534', '--regid=65534', '-...>.returncode

/tests/test_outputs.py:80: AssertionError
______________________________ test_zero_amounts _______________________________

    def test_zero_amounts():
>       check("zero_amounts")

/tests/test_outputs.py:255: 
_ _ _ _ _ _ _ _ _ _ _ _ _ _ _ _ _ _ _ _ _ _ _ _ _ _ _ _ _ _ _ _ _ _ _ _ _ _ _ _ 
/tests/test_outputs.py:114: in check
    compare(_run_port(name), _expected(name))
            ^^^^^^^^^^^^^^^
/tests/test_outputs.py:96: in _run_port
    return _run_port_paths(
_ _ _ _ _ _ _ _ _ _ _ _ _ _ _ _ _ _ _ _ _ _ _ _ _ _ _ _ _ _ _ _ _ _ _ _ _ _ _ _ 

readings_source = '/tests/cases/zero_amounts.dat'
payments_source = '/tests/cases/zero_amounts.pay', tag = 'zero_amounts'

    def _run_port_paths(readings_source, payments_source, tag="run"):
        """Run the port on one extract pair as an unprivileged user; return its output bytes.
    
        The three files sit in different directories under names taken from the case,
        and the port runs from a fourth, empty directory, so only the paths it is given
        lead to them."""
        port_stat = os.lstat(PORT)
        assert stat.S_ISREG(port_stat.st_mode), "the submitted port must be one regular Python file"
        scratch = tempfile.mkdtemp(prefix="wbill-")
        os.chmod(scratch, 0o755)
        dirs = {}
        for role in ("extract", "export", "print", "cwd"):
            dirs[role] = os.path.join(scratch, f"{role}-{tag}")
            os.mkdir(dirs[role])
            os.chmod(dirs[role], 0o777 if role in ("print", "cwd") else 0o755)
        readings = os.path.join(dirs["extract"], f"{tag}.readings")
        payments = os.path.join(dirs["export"], f"{tag}-postings.txt")
        output = os.path.join(dirs["print"], f"STMT.{tag}")
        shutil.copyfile(readings_source, readings)
        shutil.copyfile(payments_source, payments)
        for path in (readings, payments):
            os.chmod(path, 0o444)
        env = {"PATH": "/usr/local/bin:/usr/bin:/bin", "HOME": dirs["cwd"], "LANG": "C.UTF-8"}
        command = [PYTHON, PORT, readings, payments, output]
        demote = os.geteuid() == 0
        proc = subprocess.Popen(
            ["setpriv", "--reuid=65534", "--regid=65534", "--clear-groups", "--no-new-privs"] + command
            if demote else command,
            cwd=dirs["cwd"], env=env, stdout=subprocess.PIPE, stderr=subprocess.PIPE, start_new_session=True)
        try:
            _, err = proc.communicate(timeout=max(1.0, DEADLINE - time.monotonic()))
        except subprocess.TimeoutExpired:
            err = b"ran past the verifier's time budget"
        finally:
            try:
                os.killpg(proc.pid, signal.SIGKILL)
            except ProcessLookupError:
                pass
            proc.wait()
        try:
>           assert proc.returncode == 0, "the port failed:\n" + err.decode("utf-8", "replace")[-2000:]
E           AssertionError: the port failed:
E             Traceback (most recent call last):
E               File "/app/port/wbill.py", line 358, in <module>
E                 main([sys.argv[0], "custin.dat", "payin.dat", "stmtout.txt"])
E                 ~~~~^^^^^^^^^^^^^^^^^^^^^^^^^^^^^^^^^^^^^^^^^^^^^^^^^^^^^^^^^
E               File "/app/port/wbill.py", line 329, in main
E                 with open(argv[1], "r", encoding="latin-1", newline="\n") as fh:
E                      ~~~~^^^^^^^^^^^^^^^^^^^^^^^^^^^^^^^^^^^^^^^^^^^^^^^^
E             FileNotFoundError: [Errno 2] No such file or directory: 'custin.dat'
E             
E           assert 1 == 0
E            +  where 1 = <Popen: returncode: 1 args: ['setpriv', '--reuid=65534', '--regid=65534', '-...>.returncode

/tests/test_outputs.py:80: AssertionError
___________________________ test_other_record_types ____________________________

    def test_other_record_types():
>       check("other_record_types")

/tests/test_outputs.py:259: 
_ _ _ _ _ _ _ _ _ _ _ _ _ _ _ _ _ _ _ _ _ _ _ _ _ _ _ _ _ _ _ _ _ _ _ _ _ _ _ _ 
/tests/test_outputs.py:114: in check
    compare(_run_port(name), _expected(name))
            ^^^^^^^^^^^^^^^
/tests/test_outputs.py:96: in _run_port
    return _run_port_paths(
_ _ _ _ _ _ _ _ _ _ _ _ _ _ _ _ _ _ _ _ _ _ _ _ _ _ _ _ _ _ _ _ _ _ _ _ _ _ _ _ 

readings_source = '/tests/cases/other_record_types.dat'
payments_source = '/tests/cases/other_record_types.pay'
tag = 'other_record_types'

    def _run_port_paths(readings_source, payments_source, tag="run"):
        """Run the port on one extract pair as an unprivileged user; return its output bytes.
    
        The three files sit in different directories under names taken from the case,
        and the port runs from a fourth, empty directory, so only the paths it is given
        lead to them."""
        port_stat = os.lstat(PORT)
        assert stat.S_ISREG(port_stat.st_mode), "the submitted port must be one regular Python file"
        scratch = tempfile.mkdtemp(prefix="wbill-")
        os.chmod(scratch, 0o755)
        dirs = {}
        for role in ("extract", "export", "print", "cwd"):
            dirs[role] = os.path.join(scratch, f"{role}-{tag}")
            os.mkdir(dirs[role])
            os.chmod(dirs[role], 0o777 if role in ("print", "cwd") else 0o755)
        readings = os.path.join(dirs["extract"], f"{tag}.readings")
        payments = os.path.join(dirs["export"], f"{tag}-postings.txt")
        output = os.path.join(dirs["print"], f"STMT.{tag}")
        shutil.copyfile(readings_source, readings)
        shutil.copyfile(payments_source, payments)
        for path in (readings, payments):
            os.chmod(path, 0o444)
        env = {"PATH": "/usr/local/bin:/usr/bin:/bin", "HOME": dirs["cwd"], "LANG": "C.UTF-8"}
        command = [PYTHON, PORT, readings, payments, output]
        demote = os.geteuid() == 0
        proc = subprocess.Popen(
            ["setpriv", "--reuid=65534", "--regid=65534", "--clear-groups", "--no-new-privs"] + command
            if demote else command,
            cwd=dirs["cwd"], env=env, stdout=subprocess.PIPE, stderr=subprocess.PIPE, start_new_session=True)
        try:
            _, err = proc.communicate(timeout=max(1.0, DEADLINE - time.monotonic()))
        except subprocess.TimeoutExpired:
            err = b"ran past the verifier's time budget"
        finally:
            try:
                os.killpg(proc.pid, signal.SIGKILL)
            except ProcessLookupError:
                pass
            proc.wait()
        try:
>           assert proc.returncode == 0, "the port failed:\n" + err.decode("utf-8", "replace")[-2000:]
E           AssertionError: the port failed:
E             Traceback (most recent call last):
E               File "/app/port/wbill.py", line 358, in <module>
E                 main([sys.argv[0], "custin.dat", "payin.dat", "stmtout.txt"])
E                 ~~~~^^^^^^^^^^^^^^^^^^^^^^^^^^^^^^^^^^^^^^^^^^^^^^^^^^^^^^^^^
E               File "/app/port/wbill.py", line 329, in main
E                 with open(argv[1], "r", encoding="latin-1", newline="\n") as fh:
E                      ~~~~^^^^^^^^^^^^^^^^^^^^^^^^^^^^^^^^^^^^^^^^^^^^^^^^
E             FileNotFoundError: [Errno 2] No such file or directory: 'custin.dat'
E             
E           assert 1 == 0
E            +  where 1 = <Popen: returncode: 1 args: ['setpriv', '--reuid=65534', '--regid=65534', '-...>.returncode

/tests/test_outputs.py:80: AssertionError
______________________________ test_short_header _______________________________

    def test_short_header():
>       check("short_header")

/tests/test_outputs.py:263: 
_ _ _ _ _ _ _ _ _ _ _ _ _ _ _ _ _ _ _ _ _ _ _ _ _ _ _ _ _ _ _ _ _ _ _ _ _ _ _ _ 
/tests/test_outputs.py:114: in check
    compare(_run_port(name), _expected(name))
            ^^^^^^^^^^^^^^^
/tests/test_outputs.py:96: in _run_port
    return _run_port_paths(
_ _ _ _ _ _ _ _ _ _ _ _ _ _ _ _ _ _ _ _ _ _ _ _ _ _ _ _ _ _ _ _ _ _ _ _ _ _ _ _ 

readings_source = '/tests/cases/short_header.dat'
payments_source = '/tests/cases/short_header.pay', tag = 'short_header'

    def _run_port_paths(readings_source, payments_source, tag="run"):
        """Run the port on one extract pair as an unprivileged user; return its output bytes.
    
        The three files sit in different directories under names taken from the case,
        and the port runs from a fourth, empty directory, so only the paths it is given
        lead to them."""
        port_stat = os.lstat(PORT)
        assert stat.S_ISREG(port_stat.st_mode), "the submitted port must be one regular Python file"
        scratch = tempfile.mkdtemp(prefix="wbill-")
        os.chmod(scratch, 0o755)
        dirs = {}
        for role in ("extract", "export", "print", "cwd"):
            dirs[role] = os.path.join(scratch, f"{role}-{tag}")
            os.mkdir(dirs[role])
            os.chmod(dirs[role], 0o777 if role in ("print", "cwd") else 0o755)
        readings = os.path.join(dirs["extract"], f"{tag}.readings")
        payments = os.path.join(dirs["export"], f"{tag}-postings.txt")
        output = os.path.join(dirs["print"], f"STMT.{tag}")
        shutil.copyfile(readings_source, readings)
        shutil.copyfile(payments_source, payments)
        for path in (readings, payments):
            os.chmod(path, 0o444)
        env = {"PATH": "/usr/local/bin:/usr/bin:/bin", "HOME": dirs["cwd"], "LANG": "C.UTF-8"}
        command = [PYTHON, PORT, readings, payments, output]
        demote = os.geteuid() == 0
        proc = subprocess.Popen(
            ["setpriv", "--reuid=65534", "--regid=65534", "--clear-groups", "--no-new-privs"] + command
            if demote else command,
            cwd=dirs["cwd"], env=env, stdout=subprocess.PIPE, stderr=subprocess.PIPE, start_new_session=True)
        try:
            _, err = proc.communicate(timeout=max(1.0, DEADLINE - time.monotonic()))
        except subprocess.TimeoutExpired:
            err = b"ran past the verifier's time budget"
        finally:
            try:
                os.killpg(proc.pid, signal.SIGKILL)
            except ProcessLookupError:
                pass
            proc.wait()
        try:
>           assert proc.returncode == 0, "the port failed:\n" + err.decode("utf-8", "replace")[-2000:]
E           AssertionError: the port failed:
E             Traceback (most recent call last):
E               File "/app/port/wbill.py", line 358, in <module>
E                 main([sys.argv[0], "custin.dat", "payin.dat", "stmtout.txt"])
E                 ~~~~^^^^^^^^^^^^^^^^^^^^^^^^^^^^^^^^^^^^^^^^^^^^^^^^^^^^^^^^^
E               File "/app/port/wbill.py", line 329, in main
E                 with open(argv[1], "r", encoding="latin-1", newline="\n") as fh:
E                      ~~~~^^^^^^^^^^^^^^^^^^^^^^^^^^^^^^^^^^^^^^^^^^^^^^^^
E             FileNotFoundError: [Errno 2] No such file or directory: 'custin.dat'
E             
E           assert 1 == 0
E            +  where 1 = <Popen: returncode: 1 args: ['setpriv', '--reuid=65534', '--regid=65534', '-...>.returncode

/tests/test_outputs.py:80: AssertionError
_______________________ test_header_date_and_part_region _______________________

    def test_header_date_and_part_region():
>       check("header_date_and_part_region")

/tests/test_outputs.py:267: 
_ _ _ _ _ _ _ _ _ _ _ _ _ _ _ _ _ _ _ _ _ _ _ _ _ _ _ _ _ _ _ _ _ _ _ _ _ _ _ _ 
/tests/test_outputs.py:114: in check
    compare(_run_port(name), _expected(name))
            ^^^^^^^^^^^^^^^
/tests/test_outputs.py:96: in _run_port
    return _run_port_paths(
_ _ _ _ _ _ _ _ _ _ _ _ _ _ _ _ _ _ _ _ _ _ _ _ _ _ _ _ _ _ _ _ _ _ _ _ _ _ _ _ 

readings_source = '/tests/cases/header_date_and_part_region.dat'
payments_source = '/tests/cases/header_date_and_part_region.pay'
tag = 'header_date_and_part_region'

    def _run_port_paths(readings_source, payments_source, tag="run"):
        """Run the port on one extract pair as an unprivileged user; return its output bytes.
    
        The three files sit in different directories under names taken from the case,
        and the port runs from a fourth, empty directory, so only the paths it is given
        lead to them."""
        port_stat = os.lstat(PORT)
        assert stat.S_ISREG(port_stat.st_mode), "the submitted port must be one regular Python file"
        scratch = tempfile.mkdtemp(prefix="wbill-")
        os.chmod(scratch, 0o755)
        dirs = {}
        for role in ("extract", "export", "print", "cwd"):
            dirs[role] = os.path.join(scratch, f"{role}-{tag}")
            os.mkdir(dirs[role])
            os.chmod(dirs[role], 0o777 if role in ("print", "cwd") else 0o755)
        readings = os.path.join(dirs["extract"], f"{tag}.readings")
        payments = os.path.join(dirs["export"], f"{tag}-postings.txt")
        output = os.path.join(dirs["print"], f"STMT.{tag}")
        shutil.copyfile(readings_source, readings)
        shutil.copyfile(payments_source, payments)
        for path in (readings, payments):
            os.chmod(path, 0o444)
        env = {"PATH": "/usr/local/bin:/usr/bin:/bin", "HOME": dirs["cwd"], "LANG": "C.UTF-8"}
        command = [PYTHON, PORT, readings, payments, output]
        demote = os.geteuid() == 0
        proc = subprocess.Popen(
            ["setpriv", "--reuid=65534", "--regid=65534", "--clear-groups", "--no-new-privs"] + command
            if demote else command,
            cwd=dirs["cwd"], env=env, stdout=subprocess.PIPE, stderr=subprocess.PIPE, start_new_session=True)
        try:
            _, err = proc.communicate(timeout=max(1.0, DEADLINE - time.monotonic()))
        except subprocess.TimeoutExpired:
            err = b"ran past the verifier's time budget"
        finally:
            try:
                os.killpg(proc.pid, signal.SIGKILL)
            except ProcessLookupError:
                pass
            proc.wait()
        try:
>           assert proc.returncode == 0, "the port failed:\n" + err.decode("utf-8", "replace")[-2000:]
E           AssertionError: the port failed:
E             Traceback (most recent call last):
E               File "/app/port/wbill.py", line 358, in <module>
E                 main([sys.argv[0], "custin.dat", "payin.dat", "stmtout.txt"])
E                 ~~~~^^^^^^^^^^^^^^^^^^^^^^^^^^^^^^^^^^^^^^^^^^^^^^^^^^^^^^^^^
E               File "/app/port/wbill.py", line 329, in main
E                 with open(argv[1], "r", encoding="latin-1", newline="\n") as fh:
E                      ~~~~^^^^^^^^^^^^^^^^^^^^^^^^^^^^^^^^^^^^^^^^^^^^^^^^
E             FileNotFoundError: [Errno 2] No such file or directory: 'custin.dat'
E             
E           assert 1 == 0
E            +  where 1 = <Popen: returncode: 1 args: ['setpriv', '--reuid=65534', '--regid=65534', '-...>.returncode

/tests/test_outputs.py:80: AssertionError
____________________________ test_blank_line_first _____________________________

    def test_blank_line_first():
>       check("blank_line_first")

/tests/test_outputs.py:271: 
_ _ _ _ _ _ _ _ _ _ _ _ _ _ _ _ _ _ _ _ _ _ _ _ _ _ _ _ _ _ _ _ _ _ _ _ _ _ _ _ 
/tests/test_outputs.py:114: in check
    compare(_run_port(name), _expected(name))
            ^^^^^^^^^^^^^^^
/tests/test_outputs.py:96: in _run_port
    return _run_port_paths(
_ _ _ _ _ _ _ _ _ _ _ _ _ _ _ _ _ _ _ _ _ _ _ _ _ _ _ _ _ _ _ _ _ _ _ _ _ _ _ _ 

readings_source = '/tests/cases/blank_line_first.dat'
payments_source = '/tests/cases/blank_line_first.pay', tag = 'blank_line_first'

    def _run_port_paths(readings_source, payments_source, tag="run"):
        """Run the port on one extract pair as an unprivileged user; return its output bytes.
    
        The three files sit in different directories under names taken from the case,
        and the port runs from a fourth, empty directory, so only the paths it is given
        lead to them."""
        port_stat = os.lstat(PORT)
        assert stat.S_ISREG(port_stat.st_mode), "the submitted port must be one regular Python file"
        scratch = tempfile.mkdtemp(prefix="wbill-")
        os.chmod(scratch, 0o755)
        dirs = {}
        for role in ("extract", "export", "print", "cwd"):
            dirs[role] = os.path.join(scratch, f"{role}-{tag}")
            os.mkdir(dirs[role])
            os.chmod(dirs[role], 0o777 if role in ("print", "cwd") else 0o755)
        readings = os.path.join(dirs["extract"], f"{tag}.readings")
        payments = os.path.join(dirs["export"], f"{tag}-postings.txt")
        output = os.path.join(dirs["print"], f"STMT.{tag}")
        shutil.copyfile(readings_source, readings)
        shutil.copyfile(payments_source, payments)
        for path in (readings, payments):
            os.chmod(path, 0o444)
        env = {"PATH": "/usr/local/bin:/usr/bin:/bin", "HOME": dirs["cwd"], "LANG": "C.UTF-8"}
        command = [PYTHON, PORT, readings, payments, output]
        demote = os.geteuid() == 0
        proc = subprocess.Popen(
            ["setpriv", "--reuid=65534", "--regid=65534", "--clear-groups", "--no-new-privs"] + command
            if demote else command,
            cwd=dirs["cwd"], env=env, stdout=subprocess.PIPE, stderr=subprocess.PIPE, start_new_session=True)
        try:
            _, err = proc.communicate(timeout=max(1.0, DEADLINE - time.monotonic()))
        except subprocess.TimeoutExpired:
            err = b"ran past the verifier's time budget"
        finally:
            try:
                os.killpg(proc.pid, signal.SIGKILL)
            except ProcessLookupError:
                pass
            proc.wait()
        try:
>           assert proc.returncode == 0, "the port failed:\n" + err.decode("utf-8", "replace")[-2000:]
E           AssertionError: the port failed:
E             Traceback (most recent call last):
E               File "/app/port/wbill.py", line 358, in <module>
E                 main([sys.argv[0], "custin.dat", "payin.dat", "stmtout.txt"])
E                 ~~~~^^^^^^^^^^^^^^^^^^^^^^^^^^^^^^^^^^^^^^^^^^^^^^^^^^^^^^^^^
E               File "/app/port/wbill.py", line 329, in main
E                 with open(argv[1], "r", encoding="latin-1", newline="\n") as fh:
E                      ~~~~^^^^^^^^^^^^^^^^^^^^^^^^^^^^^^^^^^^^^^^^^^^^^^^^
E             FileNotFoundError: [Errno 2] No such file or directory: 'custin.dat'
E             
E           assert 1 == 0
E            +  where 1 = <Popen: returncode: 1 args: ['setpriv', '--reuid=65534', '--regid=65534', '-...>.returncode

/tests/test_outputs.py:80: AssertionError
______________________________ test_generated_01 _______________________________

    def test_generated_01():
>       check("generated_01")

/tests/test_outputs.py:275: 
_ _ _ _ _ _ _ _ _ _ _ _ _ _ _ _ _ _ _ _ _ _ _ _ _ _ _ _ _ _ _ _ _ _ _ _ _ _ _ _ 
/tests/test_outputs.py:114: in check
    compare(_run_port(name), _expected(name))
            ^^^^^^^^^^^^^^^
/tests/test_outputs.py:96: in _run_port
    return _run_port_paths(
_ _ _ _ _ _ _ _ _ _ _ _ _ _ _ _ _ _ _ _ _ _ _ _ _ _ _ _ _ _ _ _ _ _ _ _ _ _ _ _ 

readings_source = '/tests/cases/generated_01.dat'
payments_source = '/tests/cases/generated_01.pay', tag = 'generated_01'

    def _run_port_paths(readings_source, payments_source, tag="run"):
        """Run the port on one extract pair as an unprivileged user; return its output bytes.
    
        The three files sit in different directories under names taken from the case,
        and the port runs from a fourth, empty directory, so only the paths it is given
        lead to them."""
        port_stat = os.lstat(PORT)
        assert stat.S_ISREG(port_stat.st_mode), "the submitted port must be one regular Python file"
        scratch = tempfile.mkdtemp(prefix="wbill-")
        os.chmod(scratch, 0o755)
        dirs = {}
        for role in ("extract", "export", "print", "cwd"):
            dirs[role] = os.path.join(scratch, f"{role}-{tag}")
            os.mkdir(dirs[role])
            os.chmod(dirs[role], 0o777 if role in ("print", "cwd") else 0o755)
        readings = os.path.join(dirs["extract"], f"{tag}.readings")
        payments = os.path.join(dirs["export"], f"{tag}-postings.txt")
        output = os.path.join(dirs["print"], f"STMT.{tag}")
        shutil.copyfile(readings_source, readings)
        shutil.copyfile(payments_source, payments)
        for path in (readings, payments):
            os.chmod(path, 0o444)
        env = {"PATH": "/usr/local/bin:/usr/bin:/bin", "HOME": dirs["cwd"], "LANG": "C.UTF-8"}
        command = [PYTHON, PORT, readings, payments, output]
        demote = os.geteuid() == 0
        proc = subprocess.Popen(
            ["setpriv", "--reuid=65534", "--regid=65534", "--clear-groups", "--no-new-privs"] + command
            if demote else command,
            cwd=dirs["cwd"], env=env, stdout=subprocess.PIPE, stderr=subprocess.PIPE, start_new_session=True)
        try:
            _, err = proc.communicate(timeout=max(1.0, DEADLINE - time.monotonic()))
        except subprocess.TimeoutExpired:
            err = b"ran past the verifier's time budget"
        finally:
            try:
                os.killpg(proc.pid, signal.SIGKILL)
            except ProcessLookupError:
                pass
            proc.wait()
        try:
>           assert proc.returncode == 0, "the port failed:\n" + err.decode("utf-8", "replace")[-2000:]
E           AssertionError: the port failed:
E             Traceback (most recent call last):
E               File "/app/port/wbill.py", line 358, in <module>
E                 main([sys.argv[0], "custin.dat", "payin.dat", "stmtout.txt"])
E                 ~~~~^^^^^^^^^^^^^^^^^^^^^^^^^^^^^^^^^^^^^^^^^^^^^^^^^^^^^^^^^
E               File "/app/port/wbill.py", line 329, in main
E                 with open(argv[1], "r", encoding="latin-1", newline="\n") as fh:
E                      ~~~~^^^^^^^^^^^^^^^^^^^^^^^^^^^^^^^^^^^^^^^^^^^^^^^^
E             FileNotFoundError: [Errno 2] No such file or directory: 'custin.dat'
E             
E           assert 1 == 0
E            +  where 1 = <Popen: returncode: 1 args: ['setpriv', '--reuid=65534', '--regid=65534', '-...>.returncode

/tests/test_outputs.py:80: AssertionError
______________________________ test_generated_02 _______________________________

    def test_generated_02():
>       check("generated_02")

/tests/test_outputs.py:279: 
_ _ _ _ _ _ _ _ _ _ _ _ _ _ _ _ _ _ _ _ _ _ _ _ _ _ _ _ _ _ _ _ _ _ _ _ _ _ _ _ 
/tests/test_outputs.py:114: in check
    compare(_run_port(name), _expected(name))
            ^^^^^^^^^^^^^^^
/tests/test_outputs.py:96: in _run_port
    return _run_port_paths(
_ _ _ _ _ _ _ _ _ _ _ _ _ _ _ _ _ _ _ _ _ _ _ _ _ _ _ _ _ _ _ _ _ _ _ _ _ _ _ _ 

readings_source = '/tests/cases/generated_02.dat'
payments_source = '/tests/cases/generated_02.pay', tag = 'generated_02'

    def _run_port_paths(readings_source, payments_source, tag="run"):
        """Run the port on one extract pair as an unprivileged user; return its output bytes.
    
        The three files sit in different directories under names taken from the case,
        and the port runs from a fourth, empty directory, so only the paths it is given
        lead to them."""
        port_stat = os.lstat(PORT)
        assert stat.S_ISREG(port_stat.st_mode), "the submitted port must be one regular Python file"
        scratch = tempfile.mkdtemp(prefix="wbill-")
        os.chmod(scratch, 0o755)
        dirs = {}
        for role in ("extract", "export", "print", "cwd"):
            dirs[role] = os.path.join(scratch, f"{role}-{tag}")
            os.mkdir(dirs[role])
            os.chmod(dirs[role], 0o777 if role in ("print", "cwd") else 0o755)
        readings = os.path.join(dirs["extract"], f"{tag}.readings")
        payments = os.path.join(dirs["export"], f"{tag}-postings.txt")
        output = os.path.join(dirs["print"], f"STMT.{tag}")
        shutil.copyfile(readings_source, readings)
        shutil.copyfile(payments_source, payments)
        for path in (readings, payments):
            os.chmod(path, 0o444)
        env = {"PATH": "/usr/local/bin:/usr/bin:/bin", "HOME": dirs["cwd"], "LANG": "C.UTF-8"}
        command = [PYTHON, PORT, readings, payments, output]
        demote = os.geteuid() == 0
        proc = subprocess.Popen(
            ["setpriv", "--reuid=65534", "--regid=65534", "--clear-groups", "--no-new-privs"] + command
            if demote else command,
            cwd=dirs["cwd"], env=env, stdout=subprocess.PIPE, stderr=subprocess.PIPE, start_new_session=True)
        try:
            _, err = proc.communicate(timeout=max(1.0, DEADLINE - time.monotonic()))
        except subprocess.TimeoutExpired:
            err = b"ran past the verifier's time budget"
        finally:
            try:
                os.killpg(proc.pid, signal.SIGKILL)
            except ProcessLookupError:
                pass
            proc.wait()
        try:
>           assert proc.returncode == 0, "the port failed:\n" + err.decode("utf-8", "replace")[-2000:]
E           AssertionError: the port failed:
E             Traceback (most recent call last):
E               File "/app/port/wbill.py", line 358, in <module>
E                 main([sys.argv[0], "custin.dat", "payin.dat", "stmtout.txt"])
E                 ~~~~^^^^^^^^^^^^^^^^^^^^^^^^^^^^^^^^^^^^^^^^^^^^^^^^^^^^^^^^^
E               File "/app/port/wbill.py", line 329, in main
E                 with open(argv[1], "r", encoding="latin-1", newline="\n") as fh:
E                      ~~~~^^^^^^^^^^^^^^^^^^^^^^^^^^^^^^^^^^^^^^^^^^^^^^^^
E             FileNotFoundError: [Errno 2] No such file or directory: 'custin.dat'
E             
E           assert 1 == 0
E            +  where 1 = <Popen: returncode: 1 args: ['setpriv', '--reuid=65534', '--regid=65534', '-...>.returncode

/tests/test_outputs.py:80: AssertionError
______________________________ test_generated_03 _______________________________

    def test_generated_03():
>       check("generated_03")

/tests/test_outputs.py:283: 
_ _ _ _ _ _ _ _ _ _ _ _ _ _ _ _ _ _ _ _ _ _ _ _ _ _ _ _ _ _ _ _ _ _ _ _ _ _ _ _ 
/tests/test_outputs.py:114: in check
    compare(_run_port(name), _expected(name))
            ^^^^^^^^^^^^^^^
/tests/test_outputs.py:96: in _run_port
    return _run_port_paths(
_ _ _ _ _ _ _ _ _ _ _ _ _ _ _ _ _ _ _ _ _ _ _ _ _ _ _ _ _ _ _ _ _ _ _ _ _ _ _ _ 

readings_source = '/tests/cases/generated_03.dat'
payments_source = '/tests/cases/generated_03.pay', tag = 'generated_03'

    def _run_port_paths(readings_source, payments_source, tag="run"):
        """Run the port on one extract pair as an unprivileged user; return its output bytes.
    
        The three files sit in different directories under names taken from the case,
        and the port runs from a fourth, empty directory, so only the paths it is given
        lead to them."""
        port_stat = os.lstat(PORT)
        assert stat.S_ISREG(port_stat.st_mode), "the submitted port must be one regular Python file"
        scratch = tempfile.mkdtemp(prefix="wbill-")
        os.chmod(scratch, 0o755)
        dirs = {}
        for role in ("extract", "export", "print", "cwd"):
            dirs[role] = os.path.join(scratch, f"{role}-{tag}")
            os.mkdir(dirs[role])
            os.chmod(dirs[role], 0o777 if role in ("print", "cwd") else 0o755)
        readings = os.path.join(dirs["extract"], f"{tag}.readings")
        payments = os.path.join(dirs["export"], f"{tag}-postings.txt")
        output = os.path.join(dirs["print"], f"STMT.{tag}")
        shutil.copyfile(readings_source, readings)
        shutil.copyfile(payments_source, payments)
        for path in (readings, payments):
            os.chmod(path, 0o444)
        env = {"PATH": "/usr/local/bin:/usr/bin:/bin", "HOME": dirs["cwd"], "LANG": "C.UTF-8"}
        command = [PYTHON, PORT, readings, payments, output]
        demote = os.geteuid() == 0
        proc = subprocess.Popen(
            ["setpriv", "--reuid=65534", "--regid=65534", "--clear-groups", "--no-new-privs"] + command
            if demote else command,
            cwd=dirs["cwd"], env=env, stdout=subprocess.PIPE, stderr=subprocess.PIPE, start_new_session=True)
        try:
            _, err = proc.communicate(timeout=max(1.0, DEADLINE - time.monotonic()))
        except subprocess.TimeoutExpired:
            err = b"ran past the verifier's time budget"
        finally:
            try:
                os.killpg(proc.pid, signal.SIGKILL)
            except ProcessLookupError:
                pass
            proc.wait()
        try:
>           assert proc.returncode == 0, "the port failed:\n" + err.decode("utf-8", "replace")[-2000:]
E           AssertionError: the port failed:
E             Traceback (most recent call last):
E               File "/app/port/wbill.py", line 358, in <module>
E                 main([sys.argv[0], "custin.dat", "payin.dat", "stmtout.txt"])
E                 ~~~~^^^^^^^^^^^^^^^^^^^^^^^^^^^^^^^^^^^^^^^^^^^^^^^^^^^^^^^^^
E               File "/app/port/wbill.py", line 329, in main
E                 with open(argv[1], "r", encoding="latin-1", newline="\n") as fh:
E                      ~~~~^^^^^^^^^^^^^^^^^^^^^^^^^^^^^^^^^^^^^^^^^^^^^^^^
E             FileNotFoundError: [Errno 2] No such file or directory: 'custin.dat'
E             
E           assert 1 == 0
E            +  where 1 = <Popen: returncode: 1 args: ['setpriv', '--reuid=65534', '--regid=65534', '-...>.returncode

/tests/test_outputs.py:80: AssertionError
______________________________ test_generated_04 _______________________________

    def test_generated_04():
>       check("generated_04")

/tests/test_outputs.py:287: 
_ _ _ _ _ _ _ _ _ _ _ _ _ _ _ _ _ _ _ _ _ _ _ _ _ _ _ _ _ _ _ _ _ _ _ _ _ _ _ _ 
/tests/test_outputs.py:114: in check
    compare(_run_port(name), _expected(name))
            ^^^^^^^^^^^^^^^
/tests/test_outputs.py:96: in _run_port
    return _run_port_paths(
_ _ _ _ _ _ _ _ _ _ _ _ _ _ _ _ _ _ _ _ _ _ _ _ _ _ _ _ _ _ _ _ _ _ _ _ _ _ _ _ 

readings_source = '/tests/cases/generated_04.dat'
payments_source = '/tests/cases/generated_04.pay', tag = 'generated_04'

    def _run_port_paths(readings_source, payments_source, tag="run"):
        """Run the port on one extract pair as an unprivileged user; return its output bytes.
    
        The three files sit in different directories under names taken from the case,
        and the port runs from a fourth, empty directory, so only the paths it is given
        lead to them."""
        port_stat = os.lstat(PORT)
        assert stat.S_ISREG(port_stat.st_mode), "the submitted port must be one regular Python file"
        scratch = tempfile.mkdtemp(prefix="wbill-")
        os.chmod(scratch, 0o755)
        dirs = {}
        for role in ("extract", "export", "print", "cwd"):
            dirs[role] = os.path.join(scratch, f"{role}-{tag}")
            os.mkdir(dirs[role])
            os.chmod(dirs[role], 0o777 if role in ("print", "cwd") else 0o755)
        readings = os.path.join(dirs["extract"], f"{tag}.readings")
        payments = os.path.join(dirs["export"], f"{tag}-postings.txt")
        output = os.path.join(dirs["print"], f"STMT.{tag}")
        shutil.copyfile(readings_source, readings)
        shutil.copyfile(payments_source, payments)
        for path in (readings, payments):
            os.chmod(path, 0o444)
        env = {"PATH": "/usr/local/bin:/usr/bin:/bin", "HOME": dirs["cwd"], "LANG": "C.UTF-8"}
        command = [PYTHON, PORT, readings, payments, output]
        demote = os.geteuid() == 0
        proc = subprocess.Popen(
            ["setpriv", "--reuid=65534", "--regid=65534", "--clear-groups", "--no-new-privs"] + command
            if demote else command,
            cwd=dirs["cwd"], env=env, stdout=subprocess.PIPE, stderr=subprocess.PIPE, start_new_session=True)
        try:
            _, err = proc.communicate(timeout=max(1.0, DEADLINE - time.monotonic()))
        except subprocess.TimeoutExpired:
            err = b"ran past the verifier's time budget"
        finally:
            try:
                os.killpg(proc.pid, signal.SIGKILL)
            except ProcessLookupError:
                pass
            proc.wait()
        try:
>           assert proc.returncode == 0, "the port failed:\n" + err.decode("utf-8", "replace")[-2000:]
E           AssertionError: the port failed:
E             Traceback (most recent call last):
E               File "/app/port/wbill.py", line 358, in <module>
E                 main([sys.argv[0], "custin.dat", "payin.dat", "stmtout.txt"])
E                 ~~~~^^^^^^^^^^^^^^^^^^^^^^^^^^^^^^^^^^^^^^^^^^^^^^^^^^^^^^^^^
E               File "/app/port/wbill.py", line 329, in main
E                 with open(argv[1], "r", encoding="latin-1", newline="\n") as fh:
E                      ~~~~^^^^^^^^^^^^^^^^^^^^^^^^^^^^^^^^^^^^^^^^^^^^^^^^
E             FileNotFoundError: [Errno 2] No such file or directory: 'custin.dat'
E             
E           assert 1 == 0
E            +  where 1 = <Popen: returncode: 1 args: ['setpriv', '--reuid=65534', '--regid=65534', '-...>.returncode

/tests/test_outputs.py:80: AssertionError
______________________________ test_generated_05 _______________________________

    def test_generated_05():
>       check("generated_05")

/tests/test_outputs.py:291: 
_ _ _ _ _ _ _ _ _ _ _ _ _ _ _ _ _ _ _ _ _ _ _ _ _ _ _ _ _ _ _ _ _ _ _ _ _ _ _ _ 
/tests/test_outputs.py:114: in check
    compare(_run_port(name), _expected(name))
            ^^^^^^^^^^^^^^^
/tests/test_outputs.py:96: in _run_port
    return _run_port_paths(
_ _ _ _ _ _ _ _ _ _ _ _ _ _ _ _ _ _ _ _ _ _ _ _ _ _ _ _ _ _ _ _ _ _ _ _ _ _ _ _ 

readings_source = '/tests/cases/generated_05.dat'
payments_source = '/tests/cases/generated_05.pay', tag = 'generated_05'

    def _run_port_paths(readings_source, payments_source, tag="run"):
        """Run the port on one extract pair as an unprivileged user; return its output bytes.
    
        The three files sit in different directories under names taken from the case,
        and the port runs from a fourth, empty directory, so only the paths it is given
        lead to them."""
        port_stat = os.lstat(PORT)
        assert stat.S_ISREG(port_stat.st_mode), "the submitted port must be one regular Python file"
        scratch = tempfile.mkdtemp(prefix="wbill-")
        os.chmod(scratch, 0o755)
        dirs = {}
        for role in ("extract", "export", "print", "cwd"):
            dirs[role] = os.path.join(scratch, f"{role}-{tag}")
            os.mkdir(dirs[role])
            os.chmod(dirs[role], 0o777 if role in ("print", "cwd") else 0o755)
        readings = os.path.join(dirs["extract"], f"{tag}.readings")
        payments = os.path.join(dirs["export"], f"{tag}-postings.txt")
        output = os.path.join(dirs["print"], f"STMT.{tag}")
        shutil.copyfile(readings_source, readings)
        shutil.copyfile(payments_source, payments)
        for path in (readings, payments):
            os.chmod(path, 0o444)
        env = {"PATH": "/usr/local/bin:/usr/bin:/bin", "HOME": dirs["cwd"], "LANG": "C.UTF-8"}
        command = [PYTHON, PORT, readings, payments, output]
        demote = os.geteuid() == 0
        proc = subprocess.Popen(
            ["setpriv", "--reuid=65534", "--regid=65534", "--clear-groups", "--no-new-privs"] + command
            if demote else command,
            cwd=dirs["cwd"], env=env, stdout=subprocess.PIPE, stderr=subprocess.PIPE, start_new_session=True)
        try:
            _, err = proc.communicate(timeout=max(1.0, DEADLINE - time.monotonic()))
        except subprocess.TimeoutExpired:
            err = b"ran past the verifier's time budget"
        finally:
            try:
                os.killpg(proc.pid, signal.SIGKILL)
            except ProcessLookupError:
                pass
            proc.wait()
        try:
>           assert proc.returncode == 0, "the port failed:\n" + err.decode("utf-8", "replace")[-2000:]
E           AssertionError: the port failed:
E             Traceback (most recent call last):
E               File "/app/port/wbill.py", line 358, in <module>
E                 main([sys.argv[0], "custin.dat", "payin.dat", "stmtout.txt"])
E                 ~~~~^^^^^^^^^^^^^^^^^^^^^^^^^^^^^^^^^^^^^^^^^^^^^^^^^^^^^^^^^
E               File "/app/port/wbill.py", line 329, in main
E                 with open(argv[1], "r", encoding="latin-1", newline="\n") as fh:
E                      ~~~~^^^^^^^^^^^^^^^^^^^^^^^^^^^^^^^^^^^^^^^^^^^^^^^^
E             FileNotFoundError: [Errno 2] No such file or directory: 'custin.dat'
E             
E           assert 1 == 0
E            +  where 1 = <Popen: returncode: 1 args: ['setpriv', '--reuid=65534', '--regid=65534', '-...>.returncode

/tests/test_outputs.py:80: AssertionError
______________________________ test_generated_06 _______________________________

    def test_generated_06():
>       check("generated_06")

/tests/test_outputs.py:295: 
_ _ _ _ _ _ _ _ _ _ _ _ _ _ _ _ _ _ _ _ _ _ _ _ _ _ _ _ _ _ _ _ _ _ _ _ _ _ _ _ 
/tests/test_outputs.py:114: in check
    compare(_run_port(name), _expected(name))
            ^^^^^^^^^^^^^^^
/tests/test_outputs.py:96: in _run_port
    return _run_port_paths(
_ _ _ _ _ _ _ _ _ _ _ _ _ _ _ _ _ _ _ _ _ _ _ _ _ _ _ _ _ _ _ _ _ _ _ _ _ _ _ _ 

readings_source = '/tests/cases/generated_06.dat'
payments_source = '/tests/cases/generated_06.pay', tag = 'generated_06'

    def _run_port_paths(readings_source, payments_source, tag="run"):
        """Run the port on one extract pair as an unprivileged user; return its output bytes.
    
        The three files sit in different directories under names taken from the case,
        and the port runs from a fourth, empty directory, so only the paths it is given
        lead to them."""
        port_stat = os.lstat(PORT)
        assert stat.S_ISREG(port_stat.st_mode), "the submitted port must be one regular Python file"
        scratch = tempfile.mkdtemp(prefix="wbill-")
        os.chmod(scratch, 0o755)
        dirs = {}
        for role in ("extract", "export", "print", "cwd"):
            dirs[role] = os.path.join(scratch, f"{role}-{tag}")
            os.mkdir(dirs[role])
            os.chmod(dirs[role], 0o777 if role in ("print", "cwd") else 0o755)
        readings = os.path.join(dirs["extract"], f"{tag}.readings")
        payments = os.path.join(dirs["export"], f"{tag}-postings.txt")
        output = os.path.join(dirs["print"], f"STMT.{tag}")
        shutil.copyfile(readings_source, readings)
        shutil.copyfile(payments_source, payments)
        for path in (readings, payments):
            os.chmod(path, 0o444)
        env = {"PATH": "/usr/local/bin:/usr/bin:/bin", "HOME": dirs["cwd"], "LANG": "C.UTF-8"}
        command = [PYTHON, PORT, readings, payments, output]
        demote = os.geteuid() == 0
        proc = subprocess.Popen(
            ["setpriv", "--reuid=65534", "--regid=65534", "--clear-groups", "--no-new-privs"] + command
            if demote else command,
            cwd=dirs["cwd"], env=env, stdout=subprocess.PIPE, stderr=subprocess.PIPE, start_new_session=True)
        try:
            _, err = proc.communicate(timeout=max(1.0, DEADLINE - time.monotonic()))
        except subprocess.TimeoutExpired:
            err = b"ran past the verifier's time budget"
        finally:
            try:
                os.killpg(proc.pid, signal.SIGKILL)
            except ProcessLookupError:
                pass
            proc.wait()
        try:
>           assert proc.returncode == 0, "the port failed:\n" + err.decode("utf-8", "replace")[-2000:]
E           AssertionError: the port failed:
E             Traceback (most recent call last):
E               File "/app/port/wbill.py", line 358, in <module>
E                 main([sys.argv[0], "custin.dat", "payin.dat", "stmtout.txt"])
E                 ~~~~^^^^^^^^^^^^^^^^^^^^^^^^^^^^^^^^^^^^^^^^^^^^^^^^^^^^^^^^^
E               File "/app/port/wbill.py", line 329, in main
E                 with open(argv[1], "r", encoding="latin-1", newline="\n") as fh:
E                      ~~~~^^^^^^^^^^^^^^^^^^^^^^^^^^^^^^^^^^^^^^^^^^^^^^^^
E             FileNotFoundError: [Errno 2] No such file or directory: 'custin.dat'
E             
E           assert 1 == 0
E            +  where 1 = <Popen: returncode: 1 args: ['setpriv', '--reuid=65534', '--regid=65534', '-...>.returncode

/tests/test_outputs.py:80: AssertionError
______________________________ test_generated_07 _______________________________

    def test_generated_07():
>       check("generated_07")

/tests/test_outputs.py:299: 
_ _ _ _ _ _ _ _ _ _ _ _ _ _ _ _ _ _ _ _ _ _ _ _ _ _ _ _ _ _ _ _ _ _ _ _ _ _ _ _ 
/tests/test_outputs.py:114: in check
    compare(_run_port(name), _expected(name))
            ^^^^^^^^^^^^^^^
/tests/test_outputs.py:96: in _run_port
    return _run_port_paths(
_ _ _ _ _ _ _ _ _ _ _ _ _ _ _ _ _ _ _ _ _ _ _ _ _ _ _ _ _ _ _ _ _ _ _ _ _ _ _ _ 

readings_source = '/tests/cases/generated_07.dat'
payments_source = '/tests/cases/generated_07.pay', tag = 'generated_07'

    def _run_port_paths(readings_source, payments_source, tag="run"):
        """Run the port on one extract pair as an unprivileged user; return its output bytes.
    
        The three files sit in different directories under names taken from the case,
        and the port runs from a fourth, empty directory, so only the paths it is given
        lead to them."""
        port_stat = os.lstat(PORT)
        assert stat.S_ISREG(port_stat.st_mode), "the submitted port must be one regular Python file"
        scratch = tempfile.mkdtemp(prefix="wbill-")
        os.chmod(scratch, 0o755)
        dirs = {}
        for role in ("extract", "export", "print", "cwd"):
            dirs[role] = os.path.join(scratch, f"{role}-{tag}")
            os.mkdir(dirs[role])
            os.chmod(dirs[role], 0o777 if role in ("print", "cwd") else 0o755)
        readings = os.path.join(dirs["extract"], f"{tag}.readings")
        payments = os.path.join(dirs["export"], f"{tag}-postings.txt")
        output = os.path.join(dirs["print"], f"STMT.{tag}")
        shutil.copyfile(readings_source, readings)
        shutil.copyfile(payments_source, payments)
        for path in (readings, payments):
            os.chmod(path, 0o444)
        env = {"PATH": "/usr/local/bin:/usr/bin:/bin", "HOME": dirs["cwd"], "LANG": "C.UTF-8"}
        command = [PYTHON, PORT, readings, payments, output]
        demote = os.geteuid() == 0
        proc = subprocess.Popen(
            ["setpriv", "--reuid=65534", "--regid=65534", "--clear-groups", "--no-new-privs"] + command
            if demote else command,
            cwd=dirs["cwd"], env=env, stdout=subprocess.PIPE, stderr=subprocess.PIPE, start_new_session=True)
        try:
            _, err = proc.communicate(timeout=max(1.0, DEADLINE - time.monotonic()))
        except subprocess.TimeoutExpired:
            err = b"ran past the verifier's time budget"
        finally:
            try:
                os.killpg(proc.pid, signal.SIGKILL)
            except ProcessLookupError:
                pass
            proc.wait()
        try:
>           assert proc.returncode == 0, "the port failed:\n" + err.decode("utf-8", "replace")[-2000:]
E           AssertionError: the port failed:
E             Traceback (most recent call last):
E               File "/app/port/wbill.py", line 358, in <module>
E                 main([sys.argv[0], "custin.dat", "payin.dat", "stmtout.txt"])
E                 ~~~~^^^^^^^^^^^^^^^^^^^^^^^^^^^^^^^^^^^^^^^^^^^^^^^^^^^^^^^^^
E               File "/app/port/wbill.py", line 329, in main
E                 with open(argv[1], "r", encoding="latin-1", newline="\n") as fh:
E                      ~~~~^^^^^^^^^^^^^^^^^^^^^^^^^^^^^^^^^^^^^^^^^^^^^^^^
E             FileNotFoundError: [Errno 2] No such file or directory: 'custin.dat'
E             
E           assert 1 == 0
E            +  where 1 = <Popen: returncode: 1 args: ['setpriv', '--reuid=65534', '--regid=65534', '-...>.returncode

/tests/test_outputs.py:80: AssertionError
______________________________ test_generated_08 _______________________________

    def test_generated_08():
>       check("generated_08")

/tests/test_outputs.py:303: 
_ _ _ _ _ _ _ _ _ _ _ _ _ _ _ _ _ _ _ _ _ _ _ _ _ _ _ _ _ _ _ _ _ _ _ _ _ _ _ _ 
/tests/test_outputs.py:114: in check
    compare(_run_port(name), _expected(name))
            ^^^^^^^^^^^^^^^
/tests/test_outputs.py:96: in _run_port
    return _run_port_paths(
_ _ _ _ _ _ _ _ _ _ _ _ _ _ _ _ _ _ _ _ _ _ _ _ _ _ _ _ _ _ _ _ _ _ _ _ _ _ _ _ 

readings_source = '/tests/cases/generated_08.dat'
payments_source = '/tests/cases/generated_08.pay', tag = 'generated_08'

    def _run_port_paths(readings_source, payments_source, tag="run"):
        """Run the port on one extract pair as an unprivileged user; return its output bytes.
    
        The three files sit in different directories under names taken from the case,
        and the port runs from a fourth, empty directory, so only the paths it is given
        lead to them."""
        port_stat = os.lstat(PORT)
        assert stat.S_ISREG(port_stat.st_mode), "the submitted port must be one regular Python file"
        scratch = tempfile.mkdtemp(prefix="wbill-")
        os.chmod(scratch, 0o755)
        dirs = {}
        for role in ("extract", "export", "print", "cwd"):
            dirs[role] = os.path.join(scratch, f"{role}-{tag}")
            os.mkdir(dirs[role])
            os.chmod(dirs[role], 0o777 if role in ("print", "cwd") else 0o755)
        readings = os.path.join(dirs["extract"], f"{tag}.readings")
        payments = os.path.join(dirs["export"], f"{tag}-postings.txt")
        output = os.path.join(dirs["print"], f"STMT.{tag}")
        shutil.copyfile(readings_source, readings)
        shutil.copyfile(payments_source, payments)
        for path in (readings, payments):
            os.chmod(path, 0o444)
        env = {"PATH": "/usr/local/bin:/usr/bin:/bin", "HOME": dirs["cwd"], "LANG": "C.UTF-8"}
        command = [PYTHON, PORT, readings, payments, output]
        demote = os.geteuid() == 0
        proc = subprocess.Popen(
            ["setpriv", "--reuid=65534", "--regid=65534", "--clear-groups", "--no-new-privs"] + command
            if demote else command,
            cwd=dirs["cwd"], env=env, stdout=subprocess.PIPE, stderr=subprocess.PIPE, start_new_session=True)
        try:
            _, err = proc.communicate(timeout=max(1.0, DEADLINE - time.monotonic()))
        except subprocess.TimeoutExpired:
            err = b"ran past the verifier's time budget"
        finally:
            try:
                os.killpg(proc.pid, signal.SIGKILL)
            except ProcessLookupError:
                pass
            proc.wait()
        try:
>           assert proc.returncode == 0, "the port failed:\n" + err.decode("utf-8", "replace")[-2000:]
E           AssertionError: the port failed:
E             Traceback (most recent call last):
E               File "/app/port/wbill.py", line 358, in <module>
E                 main([sys.argv[0], "custin.dat", "payin.dat", "stmtout.txt"])
E                 ~~~~^^^^^^^^^^^^^^^^^^^^^^^^^^^^^^^^^^^^^^^^^^^^^^^^^^^^^^^^^
E               File "/app/port/wbill.py", line 329, in main
E                 with open(argv[1], "r", encoding="latin-1", newline="\n") as fh:
E                      ~~~~^^^^^^^^^^^^^^^^^^^^^^^^^^^^^^^^^^^^^^^^^^^^^^^^
E             FileNotFoundError: [Errno 2] No such file or directory: 'custin.dat'
E             
E           assert 1 == 0
E            +  where 1 = <Popen: returncode: 1 args: ['setpriv', '--reuid=65534', '--regid=65534', '-...>.returncode

/tests/test_outputs.py:80: AssertionError
______________________________ test_generated_09 _______________________________

    def test_generated_09():
>       check("generated_09")

/tests/test_outputs.py:307: 
_ _ _ _ _ _ _ _ _ _ _ _ _ _ _ _ _ _ _ _ _ _ _ _ _ _ _ _ _ _ _ _ _ _ _ _ _ _ _ _ 
/tests/test_outputs.py:114: in check
    compare(_run_port(name), _expected(name))
            ^^^^^^^^^^^^^^^
/tests/test_outputs.py:96: in _run_port
    return _run_port_paths(
_ _ _ _ _ _ _ _ _ _ _ _ _ _ _ _ _ _ _ _ _ _ _ _ _ _ _ _ _ _ _ _ _ _ _ _ _ _ _ _ 

readings_source = '/tests/cases/generated_09.dat'
payments_source = '/tests/cases/generated_09.pay', tag = 'generated_09'

    def _run_port_paths(readings_source, payments_source, tag="run"):
        """Run the port on one extract pair as an unprivileged user; return its output bytes.
    
        The three files sit in different directories under names taken from the case,
        and the port runs from a fourth, empty directory, so only the paths it is given
        lead to them."""
        port_stat = os.lstat(PORT)
        assert stat.S_ISREG(port_stat.st_mode), "the submitted port must be one regular Python file"
        scratch = tempfile.mkdtemp(prefix="wbill-")
        os.chmod(scratch, 0o755)
        dirs = {}
        for role in ("extract", "export", "print", "cwd"):
            dirs[role] = os.path.join(scratch, f"{role}-{tag}")
            os.mkdir(dirs[role])
            os.chmod(dirs[role], 0o777 if role in ("print", "cwd") else 0o755)
        readings = os.path.join(dirs["extract"], f"{tag}.readings")
        payments = os.path.join(dirs["export"], f"{tag}-postings.txt")
        output = os.path.join(dirs["print"], f"STMT.{tag}")
        shutil.copyfile(readings_source, readings)
        shutil.copyfile(payments_source, payments)
        for path in (readings, payments):
            os.chmod(path, 0o444)
        env = {"PATH": "/usr/local/bin:/usr/bin:/bin", "HOME": dirs["cwd"], "LANG": "C.UTF-8"}
        command = [PYTHON, PORT, readings, payments, output]
        demote = os.geteuid() == 0
        proc = subprocess.Popen(
            ["setpriv", "--reuid=65534", "--regid=65534", "--clear-groups", "--no-new-privs"] + command
            if demote else command,
            cwd=dirs["cwd"], env=env, stdout=subprocess.PIPE, stderr=subprocess.PIPE, start_new_session=True)
        try:
            _, err = proc.communicate(timeout=max(1.0, DEADLINE - time.monotonic()))
        except subprocess.TimeoutExpired:
            err = b"ran past the verifier's time budget"
        finally:
            try:
                os.killpg(proc.pid, signal.SIGKILL)
            except ProcessLookupError:
                pass
            proc.wait()
        try:
>           assert proc.returncode == 0, "the port failed:\n" + err.decode("utf-8", "replace")[-2000:]
E           AssertionError: the port failed:
E             Traceback (most recent call last):
E               File "/app/port/wbill.py", line 358, in <module>
E                 main([sys.argv[0], "custin.dat", "payin.dat", "stmtout.txt"])
E                 ~~~~^^^^^^^^^^^^^^^^^^^^^^^^^^^^^^^^^^^^^^^^^^^^^^^^^^^^^^^^^
E               File "/app/port/wbill.py", line 329, in main
E                 with open(argv[1], "r", encoding="latin-1", newline="\n") as fh:
E                      ~~~~^^^^^^^^^^^^^^^^^^^^^^^^^^^^^^^^^^^^^^^^^^^^^^^^
E             FileNotFoundError: [Errno 2] No such file or directory: 'custin.dat'
E             
E           assert 1 == 0
E            +  where 1 = <Popen: returncode: 1 args: ['setpriv', '--reuid=65534', '--regid=65534', '-...>.returncode

/tests/test_outputs.py:80: AssertionError
______________________________ test_generated_10 _______________________________

    def test_generated_10():
>       check("generated_10")

/tests/test_outputs.py:311: 
_ _ _ _ _ _ _ _ _ _ _ _ _ _ _ _ _ _ _ _ _ _ _ _ _ _ _ _ _ _ _ _ _ _ _ _ _ _ _ _ 
/tests/test_outputs.py:114: in check
    compare(_run_port(name), _expected(name))
            ^^^^^^^^^^^^^^^
/tests/test_outputs.py:96: in _run_port
    return _run_port_paths(
_ _ _ _ _ _ _ _ _ _ _ _ _ _ _ _ _ _ _ _ _ _ _ _ _ _ _ _ _ _ _ _ _ _ _ _ _ _ _ _ 

readings_source = '/tests/cases/generated_10.dat'
payments_source = '/tests/cases/generated_10.pay', tag = 'generated_10'

    def _run_port_paths(readings_source, payments_source, tag="run"):
        """Run the port on one extract pair as an unprivileged user; return its output bytes.
    
        The three files sit in different directories under names taken from the case,
        and the port runs from a fourth, empty directory, so only the paths it is given
        lead to them."""
        port_stat = os.lstat(PORT)
        assert stat.S_ISREG(port_stat.st_mode), "the submitted port must be one regular Python file"
        scratch = tempfile.mkdtemp(prefix="wbill-")
        os.chmod(scratch, 0o755)
        dirs = {}
        for role in ("extract", "export", "print", "cwd"):
            dirs[role] = os.path.join(scratch, f"{role}-{tag}")
            os.mkdir(dirs[role])
            os.chmod(dirs[role], 0o777 if role in ("print", "cwd") else 0o755)
        readings = os.path.join(dirs["extract"], f"{tag}.readings")
        payments = os.path.join(dirs["export"], f"{tag}-postings.txt")
        output = os.path.join(dirs["print"], f"STMT.{tag}")
        shutil.copyfile(readings_source, readings)
        shutil.copyfile(payments_source, payments)
        for path in (readings, payments):
            os.chmod(path, 0o444)
        env = {"PATH": "/usr/local/bin:/usr/bin:/bin", "HOME": dirs["cwd"], "LANG": "C.UTF-8"}
        command = [PYTHON, PORT, readings, payments, output]
        demote = os.geteuid() == 0
        proc = subprocess.Popen(
            ["setpriv", "--reuid=65534", "--regid=65534", "--clear-groups", "--no-new-privs"] + command
            if demote else command,
            cwd=dirs["cwd"], env=env, stdout=subprocess.PIPE, stderr=subprocess.PIPE, start_new_session=True)
        try:
            _, err = proc.communicate(timeout=max(1.0, DEADLINE - time.monotonic()))
        except subprocess.TimeoutExpired:
            err = b"ran past the verifier's time budget"
        finally:
            try:
                os.killpg(proc.pid, signal.SIGKILL)
            except ProcessLookupError:
                pass
            proc.wait()
        try:
>           assert proc.returncode == 0, "the port failed:\n" + err.decode("utf-8", "replace")[-2000:]
E           AssertionError: the port failed:
E             Traceback (most recent call last):
E               File "/app/port/wbill.py", line 358, in <module>
E                 main([sys.argv[0], "custin.dat", "payin.dat", "stmtout.txt"])
E                 ~~~~^^^^^^^^^^^^^^^^^^^^^^^^^^^^^^^^^^^^^^^^^^^^^^^^^^^^^^^^^
E               File "/app/port/wbill.py", line 329, in main
E                 with open(argv[1], "r", encoding="latin-1", newline="\n") as fh:
E                      ~~~~^^^^^^^^^^^^^^^^^^^^^^^^^^^^^^^^^^^^^^^^^^^^^^^^
E             FileNotFoundError: [Errno 2] No such file or directory: 'custin.dat'
E             
E           assert 1 == 0
E            +  where 1 = <Popen: returncode: 1 args: ['setpriv', '--reuid=65534', '--regid=65534', '-...>.returncode

/tests/test_outputs.py:80: AssertionError
______________________________ test_generated_11 _______________________________

    def test_generated_11():
>       check("generated_11")

/tests/test_outputs.py:315: 
_ _ _ _ _ _ _ _ _ _ _ _ _ _ _ _ _ _ _ _ _ _ _ _ _ _ _ _ _ _ _ _ _ _ _ _ _ _ _ _ 
/tests/test_outputs.py:114: in check
    compare(_run_port(name), _expected(name))
            ^^^^^^^^^^^^^^^
/tests/test_outputs.py:96: in _run_port
    return _run_port_paths(
_ _ _ _ _ _ _ _ _ _ _ _ _ _ _ _ _ _ _ _ _ _ _ _ _ _ _ _ _ _ _ _ _ _ _ _ _ _ _ _ 

readings_source = '/tests/cases/generated_11.dat'
payments_source = '/tests/cases/generated_11.pay', tag = 'generated_11'

    def _run_port_paths(readings_source, payments_source, tag="run"):
        """Run the port on one extract pair as an unprivileged user; return its output bytes.
    
        The three files sit in different directories under names taken from the case,
        and the port runs from a fourth, empty directory, so only the paths it is given
        lead to them."""
        port_stat = os.lstat(PORT)
        assert stat.S_ISREG(port_stat.st_mode), "the submitted port must be one regular Python file"
        scratch = tempfile.mkdtemp(prefix="wbill-")
        os.chmod(scratch, 0o755)
        dirs = {}
        for role in ("extract", "export", "print", "cwd"):
            dirs[role] = os.path.join(scratch, f"{role}-{tag}")
            os.mkdir(dirs[role])
            os.chmod(dirs[role], 0o777 if role in ("print", "cwd") else 0o755)
        readings = os.path.join(dirs["extract"], f"{tag}.readings")
        payments = os.path.join(dirs["export"], f"{tag}-postings.txt")
        output = os.path.join(dirs["print"], f"STMT.{tag}")
        shutil.copyfile(readings_source, readings)
        shutil.copyfile(payments_source, payments)
        for path in (readings, payments):
            os.chmod(path, 0o444)
        env = {"PATH": "/usr/local/bin:/usr/bin:/bin", "HOME": dirs["cwd"], "LANG": "C.UTF-8"}
        command = [PYTHON, PORT, readings, payments, output]
        demote = os.geteuid() == 0
        proc = subprocess.Popen(
            ["setpriv", "--reuid=65534", "--regid=65534", "--clear-groups", "--no-new-privs"] + command
            if demote else command,
            cwd=dirs["cwd"], env=env, stdout=subprocess.PIPE, stderr=subprocess.PIPE, start_new_session=True)
        try:
            _, err = proc.communicate(timeout=max(1.0, DEADLINE - time.monotonic()))
        except subprocess.TimeoutExpired:
            err = b"ran past the verifier's time budget"
        finally:
            try:
                os.killpg(proc.pid, signal.SIGKILL)
            except ProcessLookupError:
                pass
            proc.wait()
        try:
>           assert proc.returncode == 0, "the port failed:\n" + err.decode("utf-8", "replace")[-2000:]
E           AssertionError: the port failed:
E             Traceback (most recent call last):
E               File "/app/port/wbill.py", line 358, in <module>
E                 main([sys.argv[0], "custin.dat", "payin.dat", "stmtout.txt"])
E                 ~~~~^^^^^^^^^^^^^^^^^^^^^^^^^^^^^^^^^^^^^^^^^^^^^^^^^^^^^^^^^
E               File "/app/port/wbill.py", line 329, in main
E                 with open(argv[1], "r", encoding="latin-1", newline="\n") as fh:
E                      ~~~~^^^^^^^^^^^^^^^^^^^^^^^^^^^^^^^^^^^^^^^^^^^^^^^^
E             FileNotFoundError: [Errno 2] No such file or directory: 'custin.dat'
E             
E           assert 1 == 0
E            +  where 1 = <Popen: returncode: 1 args: ['setpriv', '--reuid=65534', '--regid=65534', '-...>.returncode

/tests/test_outputs.py:80: AssertionError
______________________________ test_generated_12 _______________________________

    def test_generated_12():
>       check("generated_12")

/tests/test_outputs.py:319: 
_ _ _ _ _ _ _ _ _ _ _ _ _ _ _ _ _ _ _ _ _ _ _ _ _ _ _ _ _ _ _ _ _ _ _ _ _ _ _ _ 
/tests/test_outputs.py:114: in check
    compare(_run_port(name), _expected(name))
            ^^^^^^^^^^^^^^^
/tests/test_outputs.py:96: in _run_port
    return _run_port_paths(
_ _ _ _ _ _ _ _ _ _ _ _ _ _ _ _ _ _ _ _ _ _ _ _ _ _ _ _ _ _ _ _ _ _ _ _ _ _ _ _ 

readings_source = '/tests/cases/generated_12.dat'
payments_source = '/tests/cases/generated_12.pay', tag = 'generated_12'

    def _run_port_paths(readings_source, payments_source, tag="run"):
        """Run the port on one extract pair as an unprivileged user; return its output bytes.
    
        The three files sit in different directories under names taken from the case,
        and the port runs from a fourth, empty directory, so only the paths it is given
        lead to them."""
        port_stat = os.lstat(PORT)
        assert stat.S_ISREG(port_stat.st_mode), "the submitted port must be one regular Python file"
        scratch = tempfile.mkdtemp(prefix="wbill-")
        os.chmod(scratch, 0o755)
        dirs = {}
        for role in ("extract", "export", "print", "cwd"):
            dirs[role] = os.path.join(scratch, f"{role}-{tag}")
            os.mkdir(dirs[role])
            os.chmod(dirs[role], 0o777 if role in ("print", "cwd") else 0o755)
        readings = os.path.join(dirs["extract"], f"{tag}.readings")
        payments = os.path.join(dirs["export"], f"{tag}-postings.txt")
        output = os.path.join(dirs["print"], f"STMT.{tag}")
        shutil.copyfile(readings_source, readings)
        shutil.copyfile(payments_source, payments)
        for path in (readings, payments):
            os.chmod(path, 0o444)
        env = {"PATH": "/usr/local/bin:/usr/bin:/bin", "HOME": dirs["cwd"], "LANG": "C.UTF-8"}
        command = [PYTHON, PORT, readings, payments, output]
        demote = os.geteuid() == 0
        proc = subprocess.Popen(
            ["setpriv", "--reuid=65534", "--regid=65534", "--clear-groups", "--no-new-privs"] + command
            if demote else command,
            cwd=dirs["cwd"], env=env, stdout=subprocess.PIPE, stderr=subprocess.PIPE, start_new_session=True)
        try:
            _, err = proc.communicate(timeout=max(1.0, DEADLINE - time.monotonic()))
        except subprocess.TimeoutExpired:
            err = b"ran past the verifier's time budget"
        finally:
            try:
                os.killpg(proc.pid, signal.SIGKILL)
            except ProcessLookupError:
                pass
            proc.wait()
        try:
>           assert proc.returncode == 0, "the port failed:\n" + err.decode("utf-8", "replace")[-2000:]
E           AssertionError: the port failed:
E             Traceback (most recent call last):
E               File "/app/port/wbill.py", line 358, in <module>
E                 main([sys.argv[0], "custin.dat", "payin.dat", "stmtout.txt"])
E                 ~~~~^^^^^^^^^^^^^^^^^^^^^^^^^^^^^^^^^^^^^^^^^^^^^^^^^^^^^^^^^
E               File "/app/port/wbill.py", line 329, in main
E                 with open(argv[1], "r", encoding="latin-1", newline="\n") as fh:
E                      ~~~~^^^^^^^^^^^^^^^^^^^^^^^^^^^^^^^^^^^^^^^^^^^^^^^^
E             FileNotFoundError: [Errno 2] No such file or directory: 'custin.dat'
E             
E           assert 1 == 0
E            +  where 1 = <Popen: returncode: 1 args: ['setpriv', '--reuid=65534', '--regid=65534', '-...>.returncode

/tests/test_outputs.py:80: AssertionError
______________________________ test_generated_13 _______________________________

    def test_generated_13():
>       check("generated_13")

/tests/test_outputs.py:323: 
_ _ _ _ _ _ _ _ _ _ _ _ _ _ _ _ _ _ _ _ _ _ _ _ _ _ _ _ _ _ _ _ _ _ _ _ _ _ _ _ 
/tests/test_outputs.py:114: in check
    compare(_run_port(name), _expected(name))
            ^^^^^^^^^^^^^^^
/tests/test_outputs.py:96: in _run_port
    return _run_port_paths(
_ _ _ _ _ _ _ _ _ _ _ _ _ _ _ _ _ _ _ _ _ _ _ _ _ _ _ _ _ _ _ _ _ _ _ _ _ _ _ _ 

readings_source = '/tests/cases/generated_13.dat'
payments_source = '/tests/cases/generated_13.pay', tag = 'generated_13'

    def _run_port_paths(readings_source, payments_source, tag="run"):
        """Run the port on one extract pair as an unprivileged user; return its output bytes.
    
        The three files sit in different directories under names taken from the case,
        and the port runs from a fourth, empty directory, so only the paths it is given
        lead to them."""
        port_stat = os.lstat(PORT)
        assert stat.S_ISREG(port_stat.st_mode), "the submitted port must be one regular Python file"
        scratch = tempfile.mkdtemp(prefix="wbill-")
        os.chmod(scratch, 0o755)
        dirs = {}
        for role in ("extract", "export", "print", "cwd"):
            dirs[role] = os.path.join(scratch, f"{role}-{tag}")
            os.mkdir(dirs[role])
            os.chmod(dirs[role], 0o777 if role in ("print", "cwd") else 0o755)
        readings = os.path.join(dirs["extract"], f"{tag}.readings")
        payments = os.path.join(dirs["export"], f"{tag}-postings.txt")
        output = os.path.join(dirs["print"], f"STMT.{tag}")
        shutil.copyfile(readings_source, readings)
        shutil.copyfile(payments_source, payments)
        for path in (readings, payments):
            os.chmod(path, 0o444)
        env = {"PATH": "/usr/local/bin:/usr/bin:/bin", "HOME": dirs["cwd"], "LANG": "C.UTF-8"}
        command = [PYTHON, PORT, readings, payments, output]
        demote = os.geteuid() == 0
        proc = subprocess.Popen(
            ["setpriv", "--reuid=65534", "--regid=65534", "--clear-groups", "--no-new-privs"] + command
            if demote else command,
            cwd=dirs["cwd"], env=env, stdout=subprocess.PIPE, stderr=subprocess.PIPE, start_new_session=True)
        try:
            _, err = proc.communicate(timeout=max(1.0, DEADLINE - time.monotonic()))
        except subprocess.TimeoutExpired:
            err = b"ran past the verifier's time budget"
        finally:
            try:
                os.killpg(proc.pid, signal.SIGKILL)
            except ProcessLookupError:
                pass
            proc.wait()
        try:
>           assert proc.returncode == 0, "the port failed:\n" + err.decode("utf-8", "replace")[-2000:]
E           AssertionError: the port failed:
E             Traceback (most recent call last):
E               File "/app/port/wbill.py", line 358, in <module>
E                 main([sys.argv[0], "custin.dat", "payin.dat", "stmtout.txt"])
E                 ~~~~^^^^^^^^^^^^^^^^^^^^^^^^^^^^^^^^^^^^^^^^^^^^^^^^^^^^^^^^^
E               File "/app/port/wbill.py", line 329, in main
E                 with open(argv[1], "r", encoding="latin-1", newline="\n") as fh:
E                      ~~~~^^^^^^^^^^^^^^^^^^^^^^^^^^^^^^^^^^^^^^^^^^^^^^^^
E             FileNotFoundError: [Errno 2] No such file or directory: 'custin.dat'
E             
E           assert 1 == 0
E            +  where 1 = <Popen: returncode: 1 args: ['setpriv', '--reuid=65534', '--regid=65534', '-...>.returncode

/tests/test_outputs.py:80: AssertionError
______________________________ test_generated_14 _______________________________

    def test_generated_14():
>       check("generated_14")

/tests/test_outputs.py:327: 
_ _ _ _ _ _ _ _ _ _ _ _ _ _ _ _ _ _ _ _ _ _ _ _ _ _ _ _ _ _ _ _ _ _ _ _ _ _ _ _ 
/tests/test_outputs.py:114: in check
    compare(_run_port(name), _expected(name))
            ^^^^^^^^^^^^^^^
/tests/test_outputs.py:96: in _run_port
    return _run_port_paths(
_ _ _ _ _ _ _ _ _ _ _ _ _ _ _ _ _ _ _ _ _ _ _ _ _ _ _ _ _ _ _ _ _ _ _ _ _ _ _ _ 

readings_source = '/tests/cases/generated_14.dat'
payments_source = '/tests/cases/generated_14.pay', tag = 'generated_14'

    def _run_port_paths(readings_source, payments_source, tag="run"):
        """Run the port on one extract pair as an unprivileged user; return its output bytes.
    
        The three files sit in different directories under names taken from the case,
        and the port runs from a fourth, empty directory, so only the paths it is given
        lead to them."""
        port_stat = os.lstat(PORT)
        assert stat.S_ISREG(port_stat.st_mode), "the submitted port must be one regular Python file"
        scratch = tempfile.mkdtemp(prefix="wbill-")
        os.chmod(scratch, 0o755)
        dirs = {}
        for role in ("extract", "export", "print", "cwd"):
            dirs[role] = os.path.join(scratch, f"{role}-{tag}")
            os.mkdir(dirs[role])
            os.chmod(dirs[role], 0o777 if role in ("print", "cwd") else 0o755)
        readings = os.path.join(dirs["extract"], f"{tag}.readings")
        payments = os.path.join(dirs["export"], f"{tag}-postings.txt")
        output = os.path.join(dirs["print"], f"STMT.{tag}")
        shutil.copyfile(readings_source, readings)
        shutil.copyfile(payments_source, payments)
        for path in (readings, payments):
            os.chmod(path, 0o444)
        env = {"PATH": "/usr/local/bin:/usr/bin:/bin", "HOME": dirs["cwd"], "LANG": "C.UTF-8"}
        command = [PYTHON, PORT, readings, payments, output]
        demote = os.geteuid() == 0
        proc = subprocess.Popen(
            ["setpriv", "--reuid=65534", "--regid=65534", "--clear-groups", "--no-new-privs"] + command
            if demote else command,
            cwd=dirs["cwd"], env=env, stdout=subprocess.PIPE, stderr=subprocess.PIPE, start_new_session=True)
        try:
            _, err = proc.communicate(timeout=max(1.0, DEADLINE - time.monotonic()))
        except subprocess.TimeoutExpired:
            err = b"ran past the verifier's time budget"
        finally:
            try:
                os.killpg(proc.pid, signal.SIGKILL)
            except ProcessLookupError:
                pass
            proc.wait()
        try:
>           assert proc.returncode == 0, "the port failed:\n" + err.decode("utf-8", "replace")[-2000:]
E           AssertionError: the port failed:
E             Traceback (most recent call last):
E               File "/app/port/wbill.py", line 358, in <module>
E                 main([sys.argv[0], "custin.dat", "payin.dat", "stmtout.txt"])
E                 ~~~~^^^^^^^^^^^^^^^^^^^^^^^^^^^^^^^^^^^^^^^^^^^^^^^^^^^^^^^^^
E               File "/app/port/wbill.py", line 329, in main
E                 with open(argv[1], "r", encoding="latin-1", newline="\n") as fh:
E                      ~~~~^^^^^^^^^^^^^^^^^^^^^^^^^^^^^^^^^^^^^^^^^^^^^^^^
E             FileNotFoundError: [Errno 2] No such file or directory: 'custin.dat'
E             
E           assert 1 == 0
E            +  where 1 = <Popen: returncode: 1 args: ['setpriv', '--reuid=65534', '--regid=65534', '-...>.returncode

/tests/test_outputs.py:80: AssertionError
______________________________ test_generated_15 _______________________________

    def test_generated_15():
>       check("generated_15")

/tests/test_outputs.py:331: 
_ _ _ _ _ _ _ _ _ _ _ _ _ _ _ _ _ _ _ _ _ _ _ _ _ _ _ _ _ _ _ _ _ _ _ _ _ _ _ _ 
/tests/test_outputs.py:114: in check
    compare(_run_port(name), _expected(name))
            ^^^^^^^^^^^^^^^
/tests/test_outputs.py:96: in _run_port
    return _run_port_paths(
_ _ _ _ _ _ _ _ _ _ _ _ _ _ _ _ _ _ _ _ _ _ _ _ _ _ _ _ _ _ _ _ _ _ _ _ _ _ _ _ 

readings_source = '/tests/cases/generated_15.dat'
payments_source = '/tests/cases/generated_15.pay', tag = 'generated_15'

    def _run_port_paths(readings_source, payments_source, tag="run"):
        """Run the port on one extract pair as an unprivileged user; return its output bytes.
    
        The three files sit in different directories under names taken from the case,
        and the port runs from a fourth, empty directory, so only the paths it is given
        lead to them."""
        port_stat = os.lstat(PORT)
        assert stat.S_ISREG(port_stat.st_mode), "the submitted port must be one regular Python file"
        scratch = tempfile.mkdtemp(prefix="wbill-")
        os.chmod(scratch, 0o755)
        dirs = {}
        for role in ("extract", "export", "print", "cwd"):
            dirs[role] = os.path.join(scratch, f"{role}-{tag}")
            os.mkdir(dirs[role])
            os.chmod(dirs[role], 0o777 if role in ("print", "cwd") else 0o755)
        readings = os.path.join(dirs["extract"], f"{tag}.readings")
        payments = os.path.join(dirs["export"], f"{tag}-postings.txt")
        output = os.path.join(dirs["print"], f"STMT.{tag}")
        shutil.copyfile(readings_source, readings)
        shutil.copyfile(payments_source, payments)
        for path in (readings, payments):
            os.chmod(path, 0o444)
        env = {"PATH": "/usr/local/bin:/usr/bin:/bin", "HOME": dirs["cwd"], "LANG": "C.UTF-8"}
        command = [PYTHON, PORT, readings, payments, output]
        demote = os.geteuid() == 0
        proc = subprocess.Popen(
            ["setpriv", "--reuid=65534", "--regid=65534", "--clear-groups", "--no-new-privs"] + command
            if demote else command,
            cwd=dirs["cwd"], env=env, stdout=subprocess.PIPE, stderr=subprocess.PIPE, start_new_session=True)
        try:
            _, err = proc.communicate(timeout=max(1.0, DEADLINE - time.monotonic()))
        except subprocess.TimeoutExpired:
            err = b"ran past the verifier's time budget"
        finally:
            try:
                os.killpg(proc.pid, signal.SIGKILL)
            except ProcessLookupError:
                pass
            proc.wait()
        try:
>           assert proc.returncode == 0, "the port failed:\n" + err.decode("utf-8", "replace")[-2000:]
E           AssertionError: the port failed:
E             Traceback (most recent call last):
E               File "/app/port/wbill.py", line 358, in <module>
E                 main([sys.argv[0], "custin.dat", "payin.dat", "stmtout.txt"])
E                 ~~~~^^^^^^^^^^^^^^^^^^^^^^^^^^^^^^^^^^^^^^^^^^^^^^^^^^^^^^^^^
E               File "/app/port/wbill.py", line 329, in main
E                 with open(argv[1], "r", encoding="latin-1", newline="\n") as fh:
E                      ~~~~^^^^^^^^^^^^^^^^^^^^^^^^^^^^^^^^^^^^^^^^^^^^^^^^
E             FileNotFoundError: [Errno 2] No such file or directory: 'custin.dat'
E             
E           assert 1 == 0
E            +  where 1 = <Popen: returncode: 1 args: ['setpriv', '--reuid=65534', '--regid=65534', '-...>.returncode

/tests/test_outputs.py:80: AssertionError
______________________________ test_generated_16 _______________________________

    def test_generated_16():
>       check("generated_16")

/tests/test_outputs.py:335: 
_ _ _ _ _ _ _ _ _ _ _ _ _ _ _ _ _ _ _ _ _ _ _ _ _ _ _ _ _ _ _ _ _ _ _ _ _ _ _ _ 
/tests/test_outputs.py:114: in check
    compare(_run_port(name), _expected(name))
            ^^^^^^^^^^^^^^^
/tests/test_outputs.py:96: in _run_port
    return _run_port_paths(
_ _ _ _ _ _ _ _ _ _ _ _ _ _ _ _ _ _ _ _ _ _ _ _ _ _ _ _ _ _ _ _ _ _ _ _ _ _ _ _ 

readings_source = '/tests/cases/generated_16.dat'
payments_source = '/tests/cases/generated_16.pay', tag = 'generated_16'

    def _run_port_paths(readings_source, payments_source, tag="run"):
        """Run the port on one extract pair as an unprivileged user; return its output bytes.
    
        The three files sit in different directories under names taken from the case,
        and the port runs from a fourth, empty directory, so only the paths it is given
        lead to them."""
        port_stat = os.lstat(PORT)
        assert stat.S_ISREG(port_stat.st_mode), "the submitted port must be one regular Python file"
        scratch = tempfile.mkdtemp(prefix="wbill-")
        os.chmod(scratch, 0o755)
        dirs = {}
        for role in ("extract", "export", "print", "cwd"):
            dirs[role] = os.path.join(scratch, f"{role}-{tag}")
            os.mkdir(dirs[role])
            os.chmod(dirs[role], 0o777 if role in ("print", "cwd") else 0o755)
        readings = os.path.join(dirs["extract"], f"{tag}.readings")
        payments = os.path.join(dirs["export"], f"{tag}-postings.txt")
        output = os.path.join(dirs["print"], f"STMT.{tag}")
        shutil.copyfile(readings_source, readings)
        shutil.copyfile(payments_source, payments)
        for path in (readings, payments):
            os.chmod(path, 0o444)
        env = {"PATH": "/usr/local/bin:/usr/bin:/bin", "HOME": dirs["cwd"], "LANG": "C.UTF-8"}
        command = [PYTHON, PORT, readings, payments, output]
        demote = os.geteuid() == 0
        proc = subprocess.Popen(
            ["setpriv", "--reuid=65534", "--regid=65534", "--clear-groups", "--no-new-privs"] + command
            if demote else command,
            cwd=dirs["cwd"], env=env, stdout=subprocess.PIPE, stderr=subprocess.PIPE, start_new_session=True)
        try:
            _, err = proc.communicate(timeout=max(1.0, DEADLINE - time.monotonic()))
        except subprocess.TimeoutExpired:
            err = b"ran past the verifier's time budget"
        finally:
            try:
                os.killpg(proc.pid, signal.SIGKILL)
            except ProcessLookupError:
                pass
            proc.wait()
        try:
>           assert proc.returncode == 0, "the port failed:\n" + err.decode("utf-8", "replace")[-2000:]
E           AssertionError: the port failed:
E             Traceback (most recent call last):
E               File "/app/port/wbill.py", line 358, in <module>
E                 main([sys.argv[0], "custin.dat", "payin.dat", "stmtout.txt"])
E                 ~~~~^^^^^^^^^^^^^^^^^^^^^^^^^^^^^^^^^^^^^^^^^^^^^^^^^^^^^^^^^
E               File "/app/port/wbill.py", line 329, in main
E                 with open(argv[1], "r", encoding="latin-1", newline="\n") as fh:
E                      ~~~~^^^^^^^^^^^^^^^^^^^^^^^^^^^^^^^^^^^^^^^^^^^^^^^^
E             FileNotFoundError: [Errno 2] No such file or directory: 'custin.dat'
E             
E           assert 1 == 0
E            +  where 1 = <Popen: returncode: 1 args: ['setpriv', '--reuid=65534', '--regid=65534', '-...>.returncode

/tests/test_outputs.py:80: AssertionError
______________________________ test_generated_17 _______________________________

    def test_generated_17():
>       check("generated_17")

/tests/test_outputs.py:339: 
_ _ _ _ _ _ _ _ _ _ _ _ _ _ _ _ _ _ _ _ _ _ _ _ _ _ _ _ _ _ _ _ _ _ _ _ _ _ _ _ 
/tests/test_outputs.py:114: in check
    compare(_run_port(name), _expected(name))
            ^^^^^^^^^^^^^^^
/tests/test_outputs.py:96: in _run_port
    return _run_port_paths(
_ _ _ _ _ _ _ _ _ _ _ _ _ _ _ _ _ _ _ _ _ _ _ _ _ _ _ _ _ _ _ _ _ _ _ _ _ _ _ _ 

readings_source = '/tests/cases/generated_17.dat'
payments_source = '/tests/cases/generated_17.pay', tag = 'generated_17'

    def _run_port_paths(readings_source, payments_source, tag="run"):
        """Run the port on one extract pair as an unprivileged user; return its output bytes.
    
        The three files sit in different directories under names taken from the case,
        and the port runs from a fourth, empty directory, so only the paths it is given
        lead to them."""
        port_stat = os.lstat(PORT)
        assert stat.S_ISREG(port_stat.st_mode), "the submitted port must be one regular Python file"
        scratch = tempfile.mkdtemp(prefix="wbill-")
        os.chmod(scratch, 0o755)
        dirs = {}
        for role in ("extract", "export", "print", "cwd"):
            dirs[role] = os.path.join(scratch, f"{role}-{tag}")
            os.mkdir(dirs[role])
            os.chmod(dirs[role], 0o777 if role in ("print", "cwd") else 0o755)
        readings = os.path.join(dirs["extract"], f"{tag}.readings")
        payments = os.path.join(dirs["export"], f"{tag}-postings.txt")
        output = os.path.join(dirs["print"], f"STMT.{tag}")
        shutil.copyfile(readings_source, readings)
        shutil.copyfile(payments_source, payments)
        for path in (readings, payments):
            os.chmod(path, 0o444)
        env = {"PATH": "/usr/local/bin:/usr/bin:/bin", "HOME": dirs["cwd"], "LANG": "C.UTF-8"}
        command = [PYTHON, PORT, readings, payments, output]
        demote = os.geteuid() == 0
        proc = subprocess.Popen(
            ["setpriv", "--reuid=65534", "--regid=65534", "--clear-groups", "--no-new-privs"] + command
            if demote else command,
            cwd=dirs["cwd"], env=env, stdout=subprocess.PIPE, stderr=subprocess.PIPE, start_new_session=True)
        try:
            _, err = proc.communicate(timeout=max(1.0, DEADLINE - time.monotonic()))
        except subprocess.TimeoutExpired:
            err = b"ran past the verifier's time budget"
        finally:
            try:
                os.killpg(proc.pid, signal.SIGKILL)
            except ProcessLookupError:
                pass
            proc.wait()
        try:
>           assert proc.returncode == 0, "the port failed:\n" + err.decode("utf-8", "replace")[-2000:]
E           AssertionError: the port failed:
E             Traceback (most recent call last):
E               File "/app/port/wbill.py", line 358, in <module>
E                 main([sys.argv[0], "custin.dat", "payin.dat", "stmtout.txt"])
E                 ~~~~^^^^^^^^^^^^^^^^^^^^^^^^^^^^^^^^^^^^^^^^^^^^^^^^^^^^^^^^^
E               File "/app/port/wbill.py", line 329, in main
E                 with open(argv[1], "r", encoding="latin-1", newline="\n") as fh:
E                      ~~~~^^^^^^^^^^^^^^^^^^^^^^^^^^^^^^^^^^^^^^^^^^^^^^^^
E             FileNotFoundError: [Errno 2] No such file or directory: 'custin.dat'
E             
E           assert 1 == 0
E            +  where 1 = <Popen: returncode: 1 args: ['setpriv', '--reuid=65534', '--regid=65534', '-...>.returncode

/tests/test_outputs.py:80: AssertionError
______________________________ test_generated_18 _______________________________

    def test_generated_18():
>       check("generated_18")

/tests/test_outputs.py:343: 
_ _ _ _ _ _ _ _ _ _ _ _ _ _ _ _ _ _ _ _ _ _ _ _ _ _ _ _ _ _ _ _ _ _ _ _ _ _ _ _ 
/tests/test_outputs.py:114: in check
    compare(_run_port(name), _expected(name))
            ^^^^^^^^^^^^^^^
/tests/test_outputs.py:96: in _run_port
    return _run_port_paths(
_ _ _ _ _ _ _ _ _ _ _ _ _ _ _ _ _ _ _ _ _ _ _ _ _ _ _ _ _ _ _ _ _ _ _ _ _ _ _ _ 

readings_source = '/tests/cases/generated_18.dat'
payments_source = '/tests/cases/generated_18.pay', tag = 'generated_18'

    def _run_port_paths(readings_source, payments_source, tag="run"):
        """Run the port on one extract pair as an unprivileged user; return its output bytes.
    
        The three files sit in different directories under names taken from the case,
        and the port runs from a fourth, empty directory, so only the paths it is given
        lead to them."""
        port_stat = os.lstat(PORT)
        assert stat.S_ISREG(port_stat.st_mode), "the submitted port must be one regular Python file"
        scratch = tempfile.mkdtemp(prefix="wbill-")
        os.chmod(scratch, 0o755)
        dirs = {}
        for role in ("extract", "export", "print", "cwd"):
            dirs[role] = os.path.join(scratch, f"{role}-{tag}")
            os.mkdir(dirs[role])
            os.chmod(dirs[role], 0o777 if role in ("print", "cwd") else 0o755)
        readings = os.path.join(dirs["extract"], f"{tag}.readings")
        payments = os.path.join(dirs["export"], f"{tag}-postings.txt")
        output = os.path.join(dirs["print"], f"STMT.{tag}")
        shutil.copyfile(readings_source, readings)
        shutil.copyfile(payments_source, payments)
        for path in (readings, payments):
            os.chmod(path, 0o444)
        env = {"PATH": "/usr/local/bin:/usr/bin:/bin", "HOME": dirs["cwd"], "LANG": "C.UTF-8"}
        command = [PYTHON, PORT, readings, payments, output]
        demote = os.geteuid() == 0
        proc = subprocess.Popen(
            ["setpriv", "--reuid=65534", "--regid=65534", "--clear-groups", "--no-new-privs"] + command
            if demote else command,
            cwd=dirs["cwd"], env=env, stdout=subprocess.PIPE, stderr=subprocess.PIPE, start_new_session=True)
        try:
            _, err = proc.communicate(timeout=max(1.0, DEADLINE - time.monotonic()))
        except subprocess.TimeoutExpired:
            err = b"ran past the verifier's time budget"
        finally:
            try:
                os.killpg(proc.pid, signal.SIGKILL)
            except ProcessLookupError:
                pass
            proc.wait()
        try:
>           assert proc.returncode == 0, "the port failed:\n" + err.decode("utf-8", "replace")[-2000:]
E           AssertionError: the port failed:
E             Traceback (most recent call last):
E               File "/app/port/wbill.py", line 358, in <module>
E                 main([sys.argv[0], "custin.dat", "payin.dat", "stmtout.txt"])
E                 ~~~~^^^^^^^^^^^^^^^^^^^^^^^^^^^^^^^^^^^^^^^^^^^^^^^^^^^^^^^^^
E               File "/app/port/wbill.py", line 329, in main
E                 with open(argv[1], "r", encoding="latin-1", newline="\n") as fh:
E                      ~~~~^^^^^^^^^^^^^^^^^^^^^^^^^^^^^^^^^^^^^^^^^^^^^^^^
E             FileNotFoundError: [Errno 2] No such file or directory: 'custin.dat'
E             
E           assert 1 == 0
E            +  where 1 = <Popen: returncode: 1 args: ['setpriv', '--reuid=65534', '--regid=65534', '-...>.returncode

/tests/test_outputs.py:80: AssertionError
______________________________ test_generated_19 _______________________________

    def test_generated_19():
>       check("generated_19")

/tests/test_outputs.py:347: 
_ _ _ _ _ _ _ _ _ _ _ _ _ _ _ _ _ _ _ _ _ _ _ _ _ _ _ _ _ _ _ _ _ _ _ _ _ _ _ _ 
/tests/test_outputs.py:114: in check
    compare(_run_port(name), _expected(name))
            ^^^^^^^^^^^^^^^
/tests/test_outputs.py:96: in _run_port
    return _run_port_paths(
_ _ _ _ _ _ _ _ _ _ _ _ _ _ _ _ _ _ _ _ _ _ _ _ _ _ _ _ _ _ _ _ _ _ _ _ _ _ _ _ 

readings_source = '/tests/cases/generated_19.dat'
payments_source = '/tests/cases/generated_19.pay', tag = 'generated_19'

    def _run_port_paths(readings_source, payments_source, tag="run"):
        """Run the port on one extract pair as an unprivileged user; return its output bytes.
    
        The three files sit in different directories under names taken from the case,
        and the port runs from a fourth, empty directory, so only the paths it is given
        lead to them."""
        port_stat = os.lstat(PORT)
        assert stat.S_ISREG(port_stat.st_mode), "the submitted port must be one regular Python file"
        scratch = tempfile.mkdtemp(prefix="wbill-")
        os.chmod(scratch, 0o755)
        dirs = {}
        for role in ("extract", "export", "print", "cwd"):
            dirs[role] = os.path.join(scratch, f"{role}-{tag}")
            os.mkdir(dirs[role])
            os.chmod(dirs[role], 0o777 if role in ("print", "cwd") else 0o755)
        readings = os.path.join(dirs["extract"], f"{tag}.readings")
        payments = os.path.join(dirs["export"], f"{tag}-postings.txt")
        output = os.path.join(dirs["print"], f"STMT.{tag}")
        shutil.copyfile(readings_source, readings)
        shutil.copyfile(payments_source, payments)
        for path in (readings, payments):
            os.chmod(path, 0o444)
        env = {"PATH": "/usr/local/bin:/usr/bin:/bin", "HOME": dirs["cwd"], "LANG": "C.UTF-8"}
        command = [PYTHON, PORT, readings, payments, output]
        demote = os.geteuid() == 0
        proc = subprocess.Popen(
            ["setpriv", "--reuid=65534", "--regid=65534", "--clear-groups", "--no-new-privs"] + command
            if demote else command,
            cwd=dirs["cwd"], env=env, stdout=subprocess.PIPE, stderr=subprocess.PIPE, start_new_session=True)
        try:
            _, err = proc.communicate(timeout=max(1.0, DEADLINE - time.monotonic()))
        except subprocess.TimeoutExpired:
            err = b"ran past the verifier's time budget"
        finally:
            try:
                os.killpg(proc.pid, signal.SIGKILL)
            except ProcessLookupError:
                pass
            proc.wait()
        try:
>           assert proc.returncode == 0, "the port failed:\n" + err.decode("utf-8", "replace")[-2000:]
E           AssertionError: the port failed:
E             Traceback (most recent call last):
E               File "/app/port/wbill.py", line 358, in <module>
E                 main([sys.argv[0], "custin.dat", "payin.dat", "stmtout.txt"])
E                 ~~~~^^^^^^^^^^^^^^^^^^^^^^^^^^^^^^^^^^^^^^^^^^^^^^^^^^^^^^^^^
E               File "/app/port/wbill.py", line 329, in main
E                 with open(argv[1], "r", encoding="latin-1", newline="\n") as fh:
E                      ~~~~^^^^^^^^^^^^^^^^^^^^^^^^^^^^^^^^^^^^^^^^^^^^^^^^
E             FileNotFoundError: [Errno 2] No such file or directory: 'custin.dat'
E             
E           assert 1 == 0
E            +  where 1 = <Popen: returncode: 1 args: ['setpriv', '--reuid=65534', '--regid=65534', '-...>.returncode

/tests/test_outputs.py:80: AssertionError
______________________________ test_generated_20 _______________________________

    def test_generated_20():
>       check("generated_20")

/tests/test_outputs.py:351: 
_ _ _ _ _ _ _ _ _ _ _ _ _ _ _ _ _ _ _ _ _ _ _ _ _ _ _ _ _ _ _ _ _ _ _ _ _ _ _ _ 
/tests/test_outputs.py:114: in check
    compare(_run_port(name), _expected(name))
            ^^^^^^^^^^^^^^^
/tests/test_outputs.py:96: in _run_port
    return _run_port_paths(
_ _ _ _ _ _ _ _ _ _ _ _ _ _ _ _ _ _ _ _ _ _ _ _ _ _ _ _ _ _ _ _ _ _ _ _ _ _ _ _ 

readings_source = '/tests/cases/generated_20.dat'
payments_source = '/tests/cases/generated_20.pay', tag = 'generated_20'

    def _run_port_paths(readings_source, payments_source, tag="run"):
        """Run the port on one extract pair as an unprivileged user; return its output bytes.
    
        The three files sit in different directories under names taken from the case,
        and the port runs from a fourth, empty directory, so only the paths it is given
        lead to them."""
        port_stat = os.lstat(PORT)
        assert stat.S_ISREG(port_stat.st_mode), "the submitted port must be one regular Python file"
        scratch = tempfile.mkdtemp(prefix="wbill-")
        os.chmod(scratch, 0o755)
        dirs = {}
        for role in ("extract", "export", "print", "cwd"):
            dirs[role] = os.path.join(scratch, f"{role}-{tag}")
            os.mkdir(dirs[role])
            os.chmod(dirs[role], 0o777 if role in ("print", "cwd") else 0o755)
        readings = os.path.join(dirs["extract"], f"{tag}.readings")
        payments = os.path.join(dirs["export"], f"{tag}-postings.txt")
        output = os.path.join(dirs["print"], f"STMT.{tag}")
        shutil.copyfile(readings_source, readings)
        shutil.copyfile(payments_source, payments)
        for path in (readings, payments):
            os.chmod(path, 0o444)
        env = {"PATH": "/usr/local/bin:/usr/bin:/bin", "HOME": dirs["cwd"], "LANG": "C.UTF-8"}
        command = [PYTHON, PORT, readings, payments, output]
        demote = os.geteuid() == 0
        proc = subprocess.Popen(
            ["setpriv", "--reuid=65534", "--regid=65534", "--clear-groups", "--no-new-privs"] + command
            if demote else command,
            cwd=dirs["cwd"], env=env, stdout=subprocess.PIPE, stderr=subprocess.PIPE, start_new_session=True)
        try:
            _, err = proc.communicate(timeout=max(1.0, DEADLINE - time.monotonic()))
        except subprocess.TimeoutExpired:
            err = b"ran past the verifier's time budget"
        finally:
            try:
                os.killpg(proc.pid, signal.SIGKILL)
            except ProcessLookupError:
                pass
            proc.wait()
        try:
>           assert proc.returncode == 0, "the port failed:\n" + err.decode("utf-8", "replace")[-2000:]
E           AssertionError: the port failed:
E             Traceback (most recent call last):
E               File "/app/port/wbill.py", line 358, in <module>
E                 main([sys.argv[0], "custin.dat", "payin.dat", "stmtout.txt"])
E                 ~~~~^^^^^^^^^^^^^^^^^^^^^^^^^^^^^^^^^^^^^^^^^^^^^^^^^^^^^^^^^
E               File "/app/port/wbill.py", line 329, in main
E                 with open(argv[1], "r", encoding="latin-1", newline="\n") as fh:
E                      ~~~~^^^^^^^^^^^^^^^^^^^^^^^^^^^^^^^^^^^^^^^^^^^^^^^^
E             FileNotFoundError: [Errno 2] No such file or directory: 'custin.dat'
E             
E           assert 1 == 0
E            +  where 1 = <Popen: returncode: 1 args: ['setpriv', '--reuid=65534', '--regid=65534', '-...>.returncode

/tests/test_outputs.py:80: AssertionError
______________________________ test_generated_21 _______________________________

    def test_generated_21():
>       check("generated_21")

/tests/test_outputs.py:355: 
_ _ _ _ _ _ _ _ _ _ _ _ _ _ _ _ _ _ _ _ _ _ _ _ _ _ _ _ _ _ _ _ _ _ _ _ _ _ _ _ 
/tests/test_outputs.py:114: in check
    compare(_run_port(name), _expected(name))
            ^^^^^^^^^^^^^^^
/tests/test_outputs.py:96: in _run_port
    return _run_port_paths(
_ _ _ _ _ _ _ _ _ _ _ _ _ _ _ _ _ _ _ _ _ _ _ _ _ _ _ _ _ _ _ _ _ _ _ _ _ _ _ _ 

readings_source = '/tests/cases/generated_21.dat'
payments_source = '/tests/cases/generated_21.pay', tag = 'generated_21'

    def _run_port_paths(readings_source, payments_source, tag="run"):
        """Run the port on one extract pair as an unprivileged user; return its output bytes.
    
        The three files sit in different directories under names taken from the case,
        and the port runs from a fourth, empty directory, so only the paths it is given
        lead to them."""
        port_stat = os.lstat(PORT)
        assert stat.S_ISREG(port_stat.st_mode), "the submitted port must be one regular Python file"
        scratch = tempfile.mkdtemp(prefix="wbill-")
        os.chmod(scratch, 0o755)
        dirs = {}
        for role in ("extract", "export", "print", "cwd"):
            dirs[role] = os.path.join(scratch, f"{role}-{tag}")
            os.mkdir(dirs[role])
            os.chmod(dirs[role], 0o777 if role in ("print", "cwd") else 0o755)
        readings = os.path.join(dirs["extract"], f"{tag}.readings")
        payments = os.path.join(dirs["export"], f"{tag}-postings.txt")
        output = os.path.join(dirs["print"], f"STMT.{tag}")
        shutil.copyfile(readings_source, readings)
        shutil.copyfile(payments_source, payments)
        for path in (readings, payments):
            os.chmod(path, 0o444)
        env = {"PATH": "/usr/local/bin:/usr/bin:/bin", "HOME": dirs["cwd"], "LANG": "C.UTF-8"}
        command = [PYTHON, PORT, readings, payments, output]
        demote = os.geteuid() == 0
        proc = subprocess.Popen(
            ["setpriv", "--reuid=65534", "--regid=65534", "--clear-groups", "--no-new-privs"] + command
            if demote else command,
            cwd=dirs["cwd"], env=env, stdout=subprocess.PIPE, stderr=subprocess.PIPE, start_new_session=True)
        try:
            _, err = proc.communicate(timeout=max(1.0, DEADLINE - time.monotonic()))
        except subprocess.TimeoutExpired:
            err = b"ran past the verifier's time budget"
        finally:
            try:
                os.killpg(proc.pid, signal.SIGKILL)
            except ProcessLookupError:
                pass
            proc.wait()
        try:
>           assert proc.returncode == 0, "the port failed:\n" + err.decode("utf-8", "replace")[-2000:]
E           AssertionError: the port failed:
E             Traceback (most recent call last):
E               File "/app/port/wbill.py", line 358, in <module>
E                 main([sys.argv[0], "custin.dat", "payin.dat", "stmtout.txt"])
E                 ~~~~^^^^^^^^^^^^^^^^^^^^^^^^^^^^^^^^^^^^^^^^^^^^^^^^^^^^^^^^^
E               File "/app/port/wbill.py", line 329, in main
E                 with open(argv[1], "r", encoding="latin-1", newline="\n") as fh:
E                      ~~~~^^^^^^^^^^^^^^^^^^^^^^^^^^^^^^^^^^^^^^^^^^^^^^^^
E             FileNotFoundError: [Errno 2] No such file or directory: 'custin.dat'
E             
E           assert 1 == 0
E            +  where 1 = <Popen: returncode: 1 args: ['setpriv', '--reuid=65534', '--regid=65534', '-...>.returncode

/tests/test_outputs.py:80: AssertionError
______________________________ test_generated_22 _______________________________

    def test_generated_22():
>       check("generated_22")

/tests/test_outputs.py:359: 
_ _ _ _ _ _ _ _ _ _ _ _ _ _ _ _ _ _ _ _ _ _ _ _ _ _ _ _ _ _ _ _ _ _ _ _ _ _ _ _ 
/tests/test_outputs.py:114: in check
    compare(_run_port(name), _expected(name))
            ^^^^^^^^^^^^^^^
/tests/test_outputs.py:96: in _run_port
    return _run_port_paths(
_ _ _ _ _ _ _ _ _ _ _ _ _ _ _ _ _ _ _ _ _ _ _ _ _ _ _ _ _ _ _ _ _ _ _ _ _ _ _ _ 

readings_source = '/tests/cases/generated_22.dat'
payments_source = '/tests/cases/generated_22.pay', tag = 'generated_22'

    def _run_port_paths(readings_source, payments_source, tag="run"):
        """Run the port on one extract pair as an unprivileged user; return its output bytes.
    
        The three files sit in different directories under names taken from the case,
        and the port runs from a fourth, empty directory, so only the paths it is given
        lead to them."""
        port_stat = os.lstat(PORT)
        assert stat.S_ISREG(port_stat.st_mode), "the submitted port must be one regular Python file"
        scratch = tempfile.mkdtemp(prefix="wbill-")
        os.chmod(scratch, 0o755)
        dirs = {}
        for role in ("extract", "export", "print", "cwd"):
            dirs[role] = os.path.join(scratch, f"{role}-{tag}")
            os.mkdir(dirs[role])
            os.chmod(dirs[role], 0o777 if role in ("print", "cwd") else 0o755)
        readings = os.path.join(dirs["extract"], f"{tag}.readings")
        payments = os.path.join(dirs["export"], f"{tag}-postings.txt")
        output = os.path.join(dirs["print"], f"STMT.{tag}")
        shutil.copyfile(readings_source, readings)
        shutil.copyfile(payments_source, payments)
        for path in (readings, payments):
            os.chmod(path, 0o444)
        env = {"PATH": "/usr/local/bin:/usr/bin:/bin", "HOME": dirs["cwd"], "LANG": "C.UTF-8"}
        command = [PYTHON, PORT, readings, payments, output]
        demote = os.geteuid() == 0
        proc = subprocess.Popen(
            ["setpriv", "--reuid=65534", "--regid=65534", "--clear-groups", "--no-new-privs"] + command
            if demote else command,
            cwd=dirs["cwd"], env=env, stdout=subprocess.PIPE, stderr=subprocess.PIPE, start_new_session=True)
        try:
            _, err = proc.communicate(timeout=max(1.0, DEADLINE - time.monotonic()))
        except subprocess.TimeoutExpired:
            err = b"ran past the verifier's time budget"
        finally:
            try:
                os.killpg(proc.pid, signal.SIGKILL)
            except ProcessLookupError:
                pass
            proc.wait()
        try:
>           assert proc.returncode == 0, "the port failed:\n" + err.decode("utf-8", "replace")[-2000:]
E           AssertionError: the port failed:
E             Traceback (most recent call last):
E               File "/app/port/wbill.py", line 358, in <module>
E                 main([sys.argv[0], "custin.dat", "payin.dat", "stmtout.txt"])
E                 ~~~~^^^^^^^^^^^^^^^^^^^^^^^^^^^^^^^^^^^^^^^^^^^^^^^^^^^^^^^^^
E               File "/app/port/wbill.py", line 329, in main
E                 with open(argv[1], "r", encoding="latin-1", newline="\n") as fh:
E                      ~~~~^^^^^^^^^^^^^^^^^^^^^^^^^^^^^^^^^^^^^^^^^^^^^^^^
E             FileNotFoundError: [Errno 2] No such file or directory: 'custin.dat'
E             
E           assert 1 == 0
E            +  where 1 = <Popen: returncode: 1 args: ['setpriv', '--reuid=65534', '--regid=65534', '-...>.returncode

/tests/test_outputs.py:80: AssertionError
______________________________ test_generated_23 _______________________________

    def test_generated_23():
>       check("generated_23")

/tests/test_outputs.py:363: 
_ _ _ _ _ _ _ _ _ _ _ _ _ _ _ _ _ _ _ _ _ _ _ _ _ _ _ _ _ _ _ _ _ _ _ _ _ _ _ _ 
/tests/test_outputs.py:114: in check
    compare(_run_port(name), _expected(name))
            ^^^^^^^^^^^^^^^
/tests/test_outputs.py:96: in _run_port
    return _run_port_paths(
_ _ _ _ _ _ _ _ _ _ _ _ _ _ _ _ _ _ _ _ _ _ _ _ _ _ _ _ _ _ _ _ _ _ _ _ _ _ _ _ 

readings_source = '/tests/cases/generated_23.dat'
payments_source = '/tests/cases/generated_23.pay', tag = 'generated_23'

    def _run_port_paths(readings_source, payments_source, tag="run"):
        """Run the port on one extract pair as an unprivileged user; return its output bytes.
    
        The three files sit in different directories under names taken from the case,
        and the port runs from a fourth, empty directory, so only the paths it is given
        lead to them."""
        port_stat = os.lstat(PORT)
        assert stat.S_ISREG(port_stat.st_mode), "the submitted port must be one regular Python file"
        scratch = tempfile.mkdtemp(prefix="wbill-")
        os.chmod(scratch, 0o755)
        dirs = {}
        for role in ("extract", "export", "print", "cwd"):
            dirs[role] = os.path.join(scratch, f"{role}-{tag}")
            os.mkdir(dirs[role])
            os.chmod(dirs[role], 0o777 if role in ("print", "cwd") else 0o755)
        readings = os.path.join(dirs["extract"], f"{tag}.readings")
        payments = os.path.join(dirs["export"], f"{tag}-postings.txt")
        output = os.path.join(dirs["print"], f"STMT.{tag}")
        shutil.copyfile(readings_source, readings)
        shutil.copyfile(payments_source, payments)
        for path in (readings, payments):
            os.chmod(path, 0o444)
        env = {"PATH": "/usr/local/bin:/usr/bin:/bin", "HOME": dirs["cwd"], "LANG": "C.UTF-8"}
        command = [PYTHON, PORT, readings, payments, output]
        demote = os.geteuid() == 0
        proc = subprocess.Popen(
            ["setpriv", "--reuid=65534", "--regid=65534", "--clear-groups", "--no-new-privs"] + command
            if demote else command,
            cwd=dirs["cwd"], env=env, stdout=subprocess.PIPE, stderr=subprocess.PIPE, start_new_session=True)
        try:
            _, err = proc.communicate(timeout=max(1.0, DEADLINE - time.monotonic()))
        except subprocess.TimeoutExpired:
            err = b"ran past the verifier's time budget"
        finally:
            try:
                os.killpg(proc.pid, signal.SIGKILL)
            except ProcessLookupError:
                pass
            proc.wait()
        try:
>           assert proc.returncode == 0, "the port failed:\n" + err.decode("utf-8", "replace")[-2000:]
E           AssertionError: the port failed:
E             Traceback (most recent call last):
E               File "/app/port/wbill.py", line 358, in <module>
E                 main([sys.argv[0], "custin.dat", "payin.dat", "stmtout.txt"])
E                 ~~~~^^^^^^^^^^^^^^^^^^^^^^^^^^^^^^^^^^^^^^^^^^^^^^^^^^^^^^^^^
E               File "/app/port/wbill.py", line 329, in main
E                 with open(argv[1], "r", encoding="latin-1", newline="\n") as fh:
E                      ~~~~^^^^^^^^^^^^^^^^^^^^^^^^^^^^^^^^^^^^^^^^^^^^^^^^
E             FileNotFoundError: [Errno 2] No such file or directory: 'custin.dat'
E             
E           assert 1 == 0
E            +  where 1 = <Popen: returncode: 1 args: ['setpriv', '--reuid=65534', '--regid=65534', '-...>.returncode

/tests/test_outputs.py:80: AssertionError
______________________________ test_generated_24 _______________________________

    def test_generated_24():
>       check("generated_24")

/tests/test_outputs.py:367: 
_ _ _ _ _ _ _ _ _ _ _ _ _ _ _ _ _ _ _ _ _ _ _ _ _ _ _ _ _ _ _ _ _ _ _ _ _ _ _ _ 
/tests/test_outputs.py:114: in check
    compare(_run_port(name), _expected(name))
            ^^^^^^^^^^^^^^^
/tests/test_outputs.py:96: in _run_port
    return _run_port_paths(
_ _ _ _ _ _ _ _ _ _ _ _ _ _ _ _ _ _ _ _ _ _ _ _ _ _ _ _ _ _ _ _ _ _ _ _ _ _ _ _ 

readings_source = '/tests/cases/generated_24.dat'
payments_source = '/tests/cases/generated_24.pay', tag = 'generated_24'

    def _run_port_paths(readings_source, payments_source, tag="run"):
        """Run the port on one extract pair as an unprivileged user; return its output bytes.
    
        The three files sit in different directories under names taken from the case,
        and the port runs from a fourth, empty directory, so only the paths it is given
        lead to them."""
        port_stat = os.lstat(PORT)
        assert stat.S_ISREG(port_stat.st_mode), "the submitted port must be one regular Python file"
        scratch = tempfile.mkdtemp(prefix="wbill-")
        os.chmod(scratch, 0o755)
        dirs = {}
        for role in ("extract", "export", "print", "cwd"):
            dirs[role] = os.path.join(scratch, f"{role}-{tag}")
            os.mkdir(dirs[role])
            os.chmod(dirs[role], 0o777 if role in ("print", "cwd") else 0o755)
        readings = os.path.join(dirs["extract"], f"{tag}.readings")
        payments = os.path.join(dirs["export"], f"{tag}-postings.txt")
        output = os.path.join(dirs["print"], f"STMT.{tag}")
        shutil.copyfile(readings_source, readings)
        shutil.copyfile(payments_source, payments)
        for path in (readings, payments):
            os.chmod(path, 0o444)
        env = {"PATH": "/usr/local/bin:/usr/bin:/bin", "HOME": dirs["cwd"], "LANG": "C.UTF-8"}
        command = [PYTHON, PORT, readings, payments, output]
        demote = os.geteuid() == 0
        proc = subprocess.Popen(
            ["setpriv", "--reuid=65534", "--regid=65534", "--clear-groups", "--no-new-privs"] + command
            if demote else command,
            cwd=dirs["cwd"], env=env, stdout=subprocess.PIPE, stderr=subprocess.PIPE, start_new_session=True)
        try:
            _, err = proc.communicate(timeout=max(1.0, DEADLINE - time.monotonic()))
        except subprocess.TimeoutExpired:
            err = b"ran past the verifier's time budget"
        finally:
            try:
                os.killpg(proc.pid, signal.SIGKILL)
            except ProcessLookupError:
                pass
            proc.wait()
        try:
>           assert proc.returncode == 0, "the port failed:\n" + err.decode("utf-8", "replace")[-2000:]
E           AssertionError: the port failed:
E             Traceback (most recent call last):
E               File "/app/port/wbill.py", line 358, in <module>
E                 main([sys.argv[0], "custin.dat", "payin.dat", "stmtout.txt"])
E                 ~~~~^^^^^^^^^^^^^^^^^^^^^^^^^^^^^^^^^^^^^^^^^^^^^^^^^^^^^^^^^
E               File "/app/port/wbill.py", line 329, in main
E                 with open(argv[1], "r", encoding="latin-1", newline="\n") as fh:
E                      ~~~~^^^^^^^^^^^^^^^^^^^^^^^^^^^^^^^^^^^^^^^^^^^^^^^^
E             FileNotFoundError: [Errno 2] No such file or directory: 'custin.dat'
E             
E           assert 1 == 0
E            +  where 1 = <Popen: returncode: 1 args: ['setpriv', '--reuid=65534', '--regid=65534', '-...>.returncode

/tests/test_outputs.py:80: AssertionError
_______________________ test_supplied_production_sample ________________________

    def test_supplied_production_sample():
>       got = _run_port_paths(
            os.path.join(SAMPLES, "2025q1-north.dat"),
            os.path.join(SAMPLES, "2025q1-north.pay"),
            "2025q1-north",
        )

/tests/test_outputs.py:371: 
_ _ _ _ _ _ _ _ _ _ _ _ _ _ _ _ _ _ _ _ _ _ _ _ _ _ _ _ _ _ _ _ _ _ _ _ _ _ _ _ 

readings_source = '/tests/samples/2025q1-north.dat'
payments_source = '/tests/samples/2025q1-north.pay', tag = '2025q1-north'

    def _run_port_paths(readings_source, payments_source, tag="run"):
        """Run the port on one extract pair as an unprivileged user; return its output bytes.
    
        The three files sit in different directories under names taken from the case,
        and the port runs from a fourth, empty directory, so only the paths it is given
        lead to them."""
        port_stat = os.lstat(PORT)
        assert stat.S_ISREG(port_stat.st_mode), "the submitted port must be one regular Python file"
        scratch = tempfile.mkdtemp(prefix="wbill-")
        os.chmod(scratch, 0o755)
        dirs = {}
        for role in ("extract", "export", "print", "cwd"):
            dirs[role] = os.path.join(scratch, f"{role}-{tag}")
            os.mkdir(dirs[role])
            os.chmod(dirs[role], 0o777 if role in ("print", "cwd") else 0o755)
        readings = os.path.join(dirs["extract"], f"{tag}.readings")
        payments = os.path.join(dirs["export"], f"{tag}-postings.txt")
        output = os.path.join(dirs["print"], f"STMT.{tag}")
        shutil.copyfile(readings_source, readings)
        shutil.copyfile(payments_source, payments)
        for path in (readings, payments):
            os.chmod(path, 0o444)
        env = {"PATH": "/usr/local/bin:/usr/bin:/bin", "HOME": dirs["cwd"], "LANG": "C.UTF-8"}
        command = [PYTHON, PORT, readings, payments, output]
        demote = os.geteuid() == 0
        proc = subprocess.Popen(
            ["setpriv", "--reuid=65534", "--regid=65534", "--clear-groups", "--no-new-privs"] + command
            if demote else command,
            cwd=dirs["cwd"], env=env, stdout=subprocess.PIPE, stderr=subprocess.PIPE, start_new_session=True)
        try:
            _, err = proc.communicate(timeout=max(1.0, DEADLINE - time.monotonic()))
        except subprocess.TimeoutExpired:
            err = b"ran past the verifier's time budget"
        finally:
            try:
                os.killpg(proc.pid, signal.SIGKILL)
            except ProcessLookupError:
                pass
            proc.wait()
        try:
>           assert proc.returncode == 0, "the port failed:\n" + err.decode("utf-8", "replace")[-2000:]
E           AssertionError: the port failed:
E             Traceback (most recent call last):
E               File "/app/port/wbill.py", line 358, in <module>
E                 main([sys.argv[0], "custin.dat", "payin.dat", "stmtout.txt"])
E                 ~~~~^^^^^^^^^^^^^^^^^^^^^^^^^^^^^^^^^^^^^^^^^^^^^^^^^^^^^^^^^
E               File "/app/port/wbill.py", line 329, in main
E                 with open(argv[1], "r", encoding="latin-1", newline="\n") as fh:
E                      ~~~~^^^^^^^^^^^^^^^^^^^^^^^^^^^^^^^^^^^^^^^^^^^^^^^^
E             FileNotFoundError: [Errno 2] No such file or directory: 'custin.dat'
E             
E           assert 1 == 0
E            +  where 1 = <Popen: returncode: 1 args: ['setpriv', '--reuid=65534', '--regid=65534', '-...>.returncode

/tests/test_outputs.py:80: AssertionError
==================================== PASSES ====================================
=========================== short test summary info ============================
PASSED ../../tests/test_outputs.py::test_every_case_has_an_expected_statement
FAILED ../../tests/test_outputs.py::test_band_boundaries - AssertionError: th...
FAILED ../../tests/test_outputs.py::test_credit_balances - AssertionError: th...
FAILED ../../tests/test_outputs.py::test_date_and_region - AssertionError: th...
FAILED ../../tests/test_outputs.py::test_district_run - AssertionError: the p...
FAILED ../../tests/test_outputs.py::test_empty_file - AssertionError: the por...
FAILED ../../tests/test_outputs.py::test_header_missing - AssertionError: the...
FAILED ../../tests/test_outputs.py::test_header_only - AssertionError: the po...
FAILED ../../tests/test_outputs.py::test_header_out_of_place - AssertionError...
FAILED ../../tests/test_outputs.py::test_large_commercial_accounts - Assertio...
FAILED ../../tests/test_outputs.py::test_long_run - AssertionError: the port ...
FAILED ../../tests/test_outputs.py::test_meter_rollover - AssertionError: the...
FAILED ../../tests/test_outputs.py::test_names_of_every_shape - AssertionErro...
FAILED ../../tests/test_outputs.py::test_postings_account_identifiers - Asser...
FAILED ../../tests/test_outputs.py::test_postings_amount_forms - AssertionErr...
FAILED ../../tests/test_outputs.py::test_postings_empty - AssertionError: the...
FAILED ../../tests/test_outputs.py::test_postings_kinds_and_accounts - Assert...
FAILED ../../tests/test_outputs.py::test_postings_memos - AssertionError: the...
FAILED ../../tests/test_outputs.py::test_postings_ordinary - AssertionError: ...
FAILED ../../tests/test_outputs.py::test_postings_rounding_modes - AssertionE...
FAILED ../../tests/test_outputs.py::test_postings_with_fewer_fields - Asserti...
FAILED ../../tests/test_outputs.py::test_rejected_records - AssertionError: t...
FAILED ../../tests/test_outputs.py::test_rounding_boundaries - AssertionError...
FAILED ../../tests/test_outputs.py::test_short_lines - AssertionError: the po...
FAILED ../../tests/test_outputs.py::test_two_headers - AssertionError: the po...
FAILED ../../tests/test_outputs.py::test_zero_amounts - AssertionError: the p...
FAILED ../../tests/test_outputs.py::test_other_record_types - AssertionError:...
FAILED ../../tests/test_outputs.py::test_short_header - AssertionError: the p...
FAILED ../../tests/test_outputs.py::test_header_date_and_part_region - Assert...
FAILED ../../tests/test_outputs.py::test_blank_line_first - AssertionError: t...
FAILED ../../tests/test_outputs.py::test_generated_01 - AssertionError: the p...
FAILED ../../tests/test_outputs.py::test_generated_02 - AssertionError: the p...
FAILED ../../tests/test_outputs.py::test_generated_03 - AssertionError: the p...
FAILED ../../tests/test_outputs.py::test_generated_04 - AssertionError: the p...
FAILED ../../tests/test_outputs.py::test_generated_05 - AssertionError: the p...
FAILED ../../tests/test_outputs.py::test_generated_06 - AssertionError: the p...
FAILED ../../tests/test_outputs.py::test_generated_07 - AssertionError: the p...
FAILED ../../tests/test_outputs.py::test_generated_08 - AssertionError: the p...
FAILED ../../tests/test_outputs.py::test_generated_09 - AssertionError: the p...
FAILED ../../tests/test_outputs.py::test_generated_10 - AssertionError: the p...
FAILED ../../tests/test_outputs.py::test_generated_11 - AssertionError: the p...
FAILED ../../tests/test_outputs.py::test_generated_12 - AssertionError: the p...
FAILED ../../tests/test_outputs.py::test_generated_13 - AssertionError: the p...
FAILED ../../tests/test_outputs.py::test_generated_14 - AssertionError: the p...
FAILED ../../tests/test_outputs.py::test_generated_15 - AssertionError: the p...
FAILED ../../tests/test_outputs.py::test_generated_16 - AssertionError: the p...
FAILED ../../tests/test_outputs.py::test_generated_17 - AssertionError: the p...
FAILED ../../tests/test_outputs.py::test_generated_18 - AssertionError: the p...
FAILED ../../tests/test_outputs.py::test_generated_19 - AssertionError: the p...
FAILED ../../tests/test_outputs.py::test_generated_20 - AssertionError: the p...
FAILED ../../tests/test_outputs.py::test_generated_21 - AssertionError: the p...
FAILED ../../tests/test_outputs.py::test_generated_22 - AssertionError: the p...
FAILED ../../tests/test_outputs.py::test_generated_23 - AssertionError: the p...
FAILED ../../tests/test_outputs.py::test_generated_24 - AssertionError: the p...
FAILED ../../tests/test_outputs.py::test_supplied_production_sample - Asserti...
========================= 54 failed, 1 passed in 2.40s =========================
